|||                        <p>A new member has requested to join your chapter:</p>|||                        <p><strong>Member:</strong> {0}</p>|||                        <p><strong>Chapter:</strong> {1}</p>|||                        <p>Please review and approve/reject this request in the chapter dashboard.</p>|||
|||                        <p>Great news! Your request to join {0} has been approved.</p>|||                        <p>You are now an active member of the chapter and can participate in all chapter activities.</p>|||                        <p>Welcome to {0}!</p>|||
|||                        <p>Thank you for your interest in joining {0}.</p>|||                        <p>Unfortunately, your membership request could not be approved at this time.</p>|||                        {1}|||                        <p>You are welcome to contact the chapter directly if you have any questions.</p>|||
|||                <div class="alert alert-info">|||                    <strong>Important Legal Notice:</strong><br>|||                    As a member, you will receive certain legally required communications that cannot be opted out of:|||                    <ul style="margin-top: 10px;">|||                        <li>Annual General Meeting (AGM) invitations and notices</li>|||                        <li>Extraordinary General Meeting notices</li>|||                        <li>Statutory voting communications</li>|||                        <li>Membership dues and payment notices</li>|||                    </ul>|||                </div>|||
|||(Showing first 5 of {0} matches)
|||Creating a new customer for this member.
|||Creating a new customer for this member. If you want to link to the existing customer instead, please do so manually.
  - Check 'Track Changes' in Settings tab
  - Open each DocType
  - Save the DocType
 (Employee record created for your account)
 API key format is invalid. Ensure it starts with 'test_' or 'live_'.
 Authentication failed.
 Linked to existing user account.
 Note: Could not create user account - member will need manual account creation.
 Profile ID may be incorrect.
 User account created for portal access.
 User account creation queued for secure background processing - member will receive portal access within 2-3 minutes.
"{0}" is already set as default membership type. Do you want to make this the default instead?
# of Donations
${mode} Mode Configured
${mode} Mode Incomplete
${settings.message}<br><br>The system will:<br>• Automatically detect and set correct account types<br>• Create accounts, customers, and suppliers as needed<br>• Import data in the correct sequence<br>• Skip any duplicate transactions<br><br>Continue?
% with Suggestions
(Overdue)
,
--- Disciplinary ---
... and {0} more
1 - Beginner
1 - Beginner (Learning and eager to help)
1 Year (Pledge - No ANBI benefits)
1 day
1 month
1 year
1. Setup Chart of Accounts
1. Upload a CSV or Excel file with member data to begin.
10 Years (ANBI)
1234 AB
14 days
15 Years (ANBI)
2 - Basic
2 - Basic (Some experience in volunteer work)
2 Years (Pledge - No ANBI benefits)
2. Import Transactions
20 Years (ANBI)
20% (Low income)
3 - Intermediate
3 - Intermediate (Solid experience in several areas)
3 Years (Pledge - No ANBI benefits)
3 months
37.07% (Middle income)
4 - Advanced
4 - Advanced (Experienced with leadership capabilities)
4 Years (Pledge - No ANBI benefits)
49.5% (High income)
5 - Expert
5 - Expert (Highly experienced, can mentor others)
5 Years (ANBI Minimum)
6 Years (ANBI)
6 months
7 Years (ANBI)
7 days
8 Years (ANBI)
8 or 9-digit organization tax number
8-byte hash for O(1) address matching
9 Years (ANBI)
9-digit Dutch citizen service number
<br><br>Reason: {0}
<br>Failed requests:<br>
<div class="alert alert-info">|||<h6>Expected CSV Format:</h6>|||<p>Your CSV should contain the following columns (Dutch headers are automatically mapped):</p>|||<ul>|||<li><strong>Lidnr.</strong> → Member ID</li>|||<li><strong>Voornaam</strong> → First Name</li>|||<li><strong>Achternaam</strong> → Last Name</li>|||<li><strong>Geboortedatum</strong> → Birth Date (YYYY-MM-DD)</li>|||<li><strong>Inschrijfdataum</strong> → Member Since (YYYY-MM-DD)</li>|||<li><strong>Groep</strong> → Chapter/Group</li>|||<li><strong>E-mailadres</strong> → Email</li>|||<li><strong>Telefoonnr.</strong> → Phone Number</li>|||<li><strong>Adres</strong> → Address</li>|||<li><strong>Plaats</strong> → City</li>|||<li><strong>Postcode</strong> → Postal Code</li>|||<li><strong>Landcode</strong> → Country Code</li>|||<li><strong>IBAN</strong> → Bank Account</li>|||<li><strong>Contributiebedrag</strong> → Membership Fee (creates dues schedule with override reason "Import from mijnrood")</li>|||<li><strong>Betaalperiode</strong> → Payment Period (determines billing frequency and membership type)</li>|||<li><strong>Mollie CID</strong> → Mollie Customer ID</li>|||<li><strong>Mollie SID</strong> → Mollie Subscription ID</li>|||<li><strong>Lidmaatschapstype</strong> → Membership Type</li>|||</ul>|||</div>
<div id="amendment-impact-preview">Loading preview...</div>
<h4>Full E-Boekhouden Migration</h4><p>This will perform a comprehensive migration that includes:</p><ul><li>Automatically determine the date range from E-Boekhouden</li><li>Create opening balance journal entry</li><li>Migrate chart of accounts</li><li>Migrate all transactions</li><li>Create payment entries where applicable</li></ul><p><strong>⚠️ WARNING: This action cannot be undone and may take several minutes!</strong></p><p>Are you sure you want to proceed?</p>
<strong>How to use:</strong><br>1. First click "Test Connection" to verify API settings<br>2. Click "Preview Migration" to see what would be imported (recommended)<br>3. Click "Start Migration" to perform the actual import with specified date range<br>4. Or click "Full Migration" to automatically migrate ALL data from E-Boekhouden
A member with this email already exists. Please login or contact support.
A new SEPA Direct Debit mandate has been created and activated immediately
A new SEPA Direct Debit mandate will be created within 24 hours
A new SEPA mandate will be created for automatic payment collection. The mandate will be processed by our scheduled task within 24 hours.
A new member has been added to chapter {0}.
A new member has requested to join your chapter.<br><br>Member: {0}<br>Chapter: {1}<br>Request Date: {2}<br><br>Please review and approve/reject this request.
A volunteer must be assigned to the team member
AGM invitations and other statutory communications must be sent to all members by law and cannot be opted out of.
ANBI
ANBI (5+ years)
ANBI Agreement
ANBI Agreement Date
ANBI Agreement Date is required for tax-exempt donations
ANBI Agreement Date is required when ANBI Agreement Number is provided
ANBI Agreement Number
ANBI Agreement Number (if known)
ANBI Agreement Number is required when ANBI Agreement Date is provided
ANBI Consent Missing
ANBI Consent Request - Tax Benefits for Your Donations
ANBI Consent Status
ANBI Dashboard
ANBI Donation Summary
ANBI Eligible
ANBI Functionality Disabled
ANBI Minimum Reportable Amount
ANBI Periodic Agreements
ANBI Report
ANBI Report Generated
ANBI Reporting Consent
ANBI Tax Benefits
ANBI Tax Benefits Applicable
ANBI Tax Deduction
ANBI Validation Status
ANBI agreements must have positive annual amount
ANBI agreements require formal documentation (Notarial or Private Written)
ANBI consent updated successfully
ANBI donations must be at least €{0}
ANBI functionality is currently disabled. Please enable it in Verenigingen Settings to access this dashboard.
ANBI functionality is disabled in system settings. Please contact administrator.
ANBI functionality is not configured in system settings. Please contact administrator to configure ANBI settings.
ANBI functionality is not enabled. Please enable it in Verenigingen Settings.
ANBI periodic donation agreements must be for a minimum of 5 years. For shorter commitments, uncheck 'ANBI Tax Benefits Applicable'.
ANBI periodic donation agreements require minimum 5-year commitment or lifetime agreement
ANBI receipt sent successfully
ANBI validation failed. Please review the issues listed above.
API Audit Log
API key rotation is not available for Mollie integration
About
About Membership Type Changes
About This Campaign
About You
Accent
Accent Color
Accent Dark Shade
Accent color used for highlights, special features, and decorative elements
Access Denied
Access all member services
Access denied
Access denied - no employee record
Access denied for operation '{0}'. Required permission: {1}
Access denied to address record
Access denied to member record
Access denied to this resource
Access denied to {0} {1}
Access denied. Please check your permissions.
Access denied. Required permission: {0}
Access denied. Required security level: {0}. Your access: {1}
Access denied: Address does not belong to your member record
Access denied: No member record found for user. Self-service operations require valid member account.
Access denied: Unable to verify member access for this user
Access denied: You can only access your own member record
Access denied: You can only perform this operation on your own data
Access denied: {0}
Access member resources and materials
Access member-only content, events, and connect with your local chapter.
Access your member services and information
Access your member services and information below
Accomplishments
Account
Account Code
Account Correction
Account Created
Account Creation
Account Creation Dashboard
Account Creation Request
Account Creation Request Role
Account Creation in Progress
Account Group
Account Group Project Mapping
Account Group Type
Account Group Valid Cost Center
Account Group Valid Project
Account Holder
Account Holder Name
Account Holder Name is required for SEPA Direct Debit payment method
Account Holder:
Account Holder: {0}
Account Information
Account Management
Account Mappings
Account Name
Account Settings
Account Summary
Account Type
Account Types Updated
Account creation completed successfully
Account creation failed
Account creation request already exists: {0}
Account creation request has been cancelled
Account creation request has been queued for processing
Account creation request has been queued for retry
Account creation request queued for processing
Account for accepting membership payments
Account for donations restricted to specific campaigns (temporarily restricted funds)
Account for general unrestricted donations (can be used for any purpose)
Account for other donor-restricted purposes (e.g., 'youth programs only', 'building fund')
Account for recording Mollie transaction fees
Account holder name is required
Account information (IBAN, account number)
Accounting
Accounting Integration
Accounting Settings
Accounts Manager
Accounts User
Achieved
Achievement %
Achievement Notes
Action
Action Required
Action Taken
Action Type
Actions
Actions Taken:
Actions to Take
Actions to be taken:
Activate
Activate Agreement
Activation Rate
Active
Active ANBI Agreements
Active Brand Settings:
Active IBAN records should not have an end date
Active Mandate
Active Member
Active Members
Active Members Cumulative Trend
Active Members Only
Active Members Without Chapter
Active Payment Method
Active Recurring
Active Recurring Donations
Active Subscribers
Active Volunteers
Active board member {0} has end date in the past
Active/Total
Activity Dashboard
Activity Dashboard - {0}
Activity Metrics
Activity Type
Activity added successfully
Activity ended successfully
Activity name is required
Activity type is required
Activity {0} not found
Actual Hours
Add
Add Activity
Add Board Member
Add Custom Skills
Add Goal
Add Item
Add Members
Add Members to Chapter
Add Membership Goal
Add New Activity
Add New Board Member
Add New Skill
Add Skill
Add multiple expense items and submit them together
Added member {0} to chapter
Added {0} as {1} starting {2}
Added {0} members to chapter
Adding Members
Adding activity...
Adding board member...
Additional Comments
Additional Configuration
Additional Details
Additional Financial Information
Additional Information
Additional Information Required for Your Membership Application
Additional Message
Additional Notes
Additional Options
Additional Role Notes
Additional Welcome Message
Additional details about this expense
Additional message to include in the reminder
Additional middle names
Additional notes about this billing schedule
Additional status for membership grace periods and special statuses
Address
Address Details
Address Fingerprint
Address HTML
Address Information
Address Last Updated
Address Line 1
Address Line 2
Address Optimization (Internal)
Address Updated Successfully!
Address and Contact
Address and Contact Information
Address exceeds maximum length of {0} characters
Address {0} successfully
Adjust Fee
Adjust Membership Fee
Adjust My Fee
Adjust Your Fee
Adjust Your Membership Fee
Adjustments allowed: {0} remaining of {1} per year
Admin
Admin Level
Admin Only
Admin roles are often chair roles. Would you like to mark this role as Chair?
Administration
Administrative
Advanced
Advanced Filters
Advocate
After creating members or applications, you can:
After implementing the security configurations above, run the security test suite to verify fixes:
After payment, you will be automatically returned to our website.
After this payment, you'll be charged automatically each period
Age
Age Group
Age Validation Settings
Age verification may be required
Aging Only (>7 days)
Agreement
Agreement #
Agreement Date
Agreement Details
Agreement Document
Agreement Duration
Agreement Number
Agreement Statistics
Agreement Type
Agreement Types
Agreement cancelled successfully
Agreement has been cancelled
Agreement is active
Agreement is already cancelled
Agreement is not active
Agreement period has been completed
Agreement submitted and pending verification
Alert Data
Alert Message Template
Alert Recipients
Alert Rule
Alert Rules
Alert Type
Alert if operation exceeds this amount
Alert on Execution
All
All Ages
All Categories
All Chapter Members
All Chapters
All Methods
All Regions
All Statuses
All Time
All Types
All Unpaid
All Years
All account types updated successfully!
All active members have dues schedules!
All codes starting with: {0}
All financial data exported successfully
All good
All interested members already have volunteer records
All mappings cleared
All member caches cleared
All members with active memberships have dues schedules!
All membership type changes require approval
All test members are created with 'Pending' application status so you can test the member approval workflow.
Allow Anonymous Donations
Allow Multiple Memberships
Allow System User Fallback
Allow different role profiles for different board roles (Chair, Treasurer, etc.)
Allow different role profiles for different team roles
Allow other members to find your contact information in the member directory
Allow use of my photos in publications
Allowed Validation Bypasses
Also Notify Chapters
Alternative Payment Method
Amended From
Amendment Details
Amendment Impact Preview
Amendment Not Ready
Amendment Request
Amendment Status
Amendment Type
Amendment application failed
Amendment applied successfully
Amendment approved successfully
Amendment is scheduled for future application
Amendment rejected
Amount
Amount (EUR)
Amount (€)
Amount Due
Amount Threshold
Amount cannot be less than minimum fee of {0}
Amount cannot be more than maximum fee of {0} (for higher amounts, please contact us directly)
Amount does not match membership type standard amount
Amount is significantly higher than standard - may require review
Amount must be greater than 0
Amount must be greater than zero
Amount that triggered automatic donor creation
Amount threshold cannot be negative
Amount:
An active mandate already exists for this IBAN: {0}
An error occurred
An error occurred loading membership types
An error occurred processing your donation. Please try again.
An error occurred while approving the member
An error occurred while cancelling your recurring donation. Please try again or contact support.
An error occurred while cancelling your subscription. Please try again or contact support.
An error occurred while checking members
An error occurred while creating schedules
An error occurred while creating the activity
An error occurred while ending the activity
An error occurred while leaving the chapter
An error occurred while loading the dashboard. Please try again later.
An error occurred while loading your account information
An error occurred while processing your application. Please try again.
An error occurred while processing your bank details. Please try again or contact support. Error: {0}
An error occurred while processing your donation. Please try again.
An error occurred while removing the board member
An error occurred while running the process
An error occurred while searching. Please try again.
An error occurred while submitting the expense
An error occurred while submitting your donation. Please try again.
An error occurred while submitting your request. Please try again.
An error occurred while updating your address
An error occurred while updating your address. Please try again.
An error occurred while updating your recurring donation. Please try again or contact support.
An error occurred. Please try again.
An unexpected error occurred
An unexpected error occurred. Please contact support.
An unexpected error occurred. Please try again or contact support.
An unexpected error occurred. Please try again.
Analysis Complete
Analysis Failed
Analytics
Analytics Alert Action
Analytics Alert Log
Analytics Alert Recipient
Analytics Alert Rule
Analytics exported successfully
Analyzing E-Boekhouden data...
Analyzing accounts and suggesting mappings...
Analyzing data quality...
Analyzing imported data quality...
And
Announcement sent to {0} recipients
Annual
Annual Amount
Annual Contribution Progress
Annual General Meeting (AGM) invitations and notices
Annual Giving
Annual Income Range
Annual Projection
Annual amount must be greater than zero
Annually
Anomaly
Anonymous
Any Level
Any additional information about this expense...||||||||IMPORTANT: If reimbursement should be paid to a different bank account than on file, please provide the complete bank details here (IBAN, account holder name, bank name).
Any additional message or instructions
Appeal Date
Appeal Deadline
Appeal creation dialog not available
Applicant Name
Applicant is under 12 years old - may require special handling
Applicants under 12 require parental consent
Application Custom Fee
Application Date
Application Details
Application ID
Application Rejected
Application Status
Application Submitted Successfully
Application Submitted Successfully!
Application approved - awaiting payment or activation
Application approved - payment required to activate membership
Application approved successfully!
Application approved. Invoice sent to applicant.
Application approved. Warning: Invoice creation failed - manual invoice required.
Application has been rejected
Application is already approved
Application is already rejected
Application is being reviewed by administration
Application member must be approved before assigning member ID. Current status: {0}
Application not found
Application received and awaiting initial review
Application rejected successfully
Application rejected. Notification sent to applicant.
Application submitted successfully
Applied
Applied By
Applied Date
Applied On
Applied {0} mappings
Applies to All Chapters
Applies to All Membership Types
Apply Amendment
Apply Fee Override
Apply Filters
Apply Role Profiles to Board
Apply Role Profiles to Members
Apply Selected
Apply To
Apply for Membership
Apply for Membership - Enhanced
Apply to Board
Apply to Members
Applying role profiles to board...
Applying role profiles...
Approval
Approval Date
Approval Details
Approval Level
Approval Notes
Approval Notes (Optional)
Approval Process
Approval Required
Approval Required - Exceeds Maximum
Approval Required - Fee Decrease
Approval Status
Approval Workflow
Approve
Approve Amendment
Approve Application
Approve Chapter Join Request
Approve Join Request
Approve Membership Application
Approve Selected
Approve {0} selected request(s)?
Approved
Approved - Payment Required
Approved Amount
Approved By
Approved Date
Approved Expenses
Approved On
Approved membership request for {0} by {1}
Approver
Approver Notes
Approving application...
Approving request...
Apps
April
Archived
Are you ready to start the migration with your current configuration?
Are you sure you want to activate this agreement?
Are you sure you want to apply this amendment? This action cannot be undone.
Are you sure you want to approve this expense of €${amount}?
Are you sure you want to approve this member application?
Are you sure you want to assign a member ID to {0}?
Are you sure you want to cancel the scheduled retry?
Are you sure you want to cancel this agreement? This action cannot be undone.
Are you sure you want to cancel this recurring donation?
Are you sure you want to cancel your Mollie subscription?
Are you sure you want to cancel? Unsaved changes will be lost.
Are you sure you want to clean up
Are you sure you want to clear all mappings? This cannot be undone.
Are you sure you want to delete all test members?
Are you sure you want to delete this item?
Are you sure you want to execute this bulk action?
Are you sure you want to execute this termination? This action cannot be undone and will:
Are you sure you want to mark this member as paid?
Are you sure you want to override the membership fee to {0}?
Are you sure you want to remove this mapping?
Are you sure you want to remove {0} from this chapter?
Are you sure you want to reset the member ID counter to {0}? This action cannot be undone.
Are you sure you want to retry this account creation request?
Are you sure you want to retry this payment immediately?
Are you sure you want to start the migration? This will import data from e-Boekhouden into ERPNext.<br><br><strong>This action cannot be undone!</strong>
Are you sure you want to submit this batch to the bank? This action cannot be undone.
Are you sure you want to suspend {0}?
Are you sure you want to terminate membership for {0}?
Are you sure you want to unsuspend {0}?
Areas of Interest
As a member, you will receive certain legally required communications that cannot be opted out of, including:
Assign Chapter
Assign Chapter to Member
Assign Member ID
Assign to Chapter
Assigned By
Assigned To
Assignment Failed
Assignment History
Assignment Note (Optional)
Assignment Type
Assignment start date cannot be after end date for {0}
Assignments
Assoc-Dnt-.YYYY.-
Associated Chapters
Associated cost center for financial tracking
Associated dues schedule for billing
Association-wide Team
At least one recipient is required
At-Risk Members
Attachments
Attempt
Attempt Date
Audit Entries
Audit Level
Audit Settings
Audit Trail
Audit Trail Compliance
Audit log entries cannot be cancelled - compliance requirement
Audit log entries cannot be deleted - compliance requirement
Audit log entries cannot be modified - compliance requirement
August
Authentication required
Authentication required for this endpoint
Authentication required for this operation
Authorization check failed
Authorization check failed for operation '{0}'
Authorize us to collect the donation from your account
Auto Generate Invoices
Auto-Cancel SEPA Mandates
Auto-Create Donors from Donations
Auto-Create Dues Schedules
Auto-Create Missing Dues Schedules
Auto-Create Missing Schedules
Auto-Created
Auto-End Board Positions
Auto-Renewal
Auto-Renewal Settings
Auto-Submit Membership Invoices
Auto-calculated based on annual amount and frequency
Auto-calculated based on duration
Auto-create Chapters
Auto-created Sales Invoice for standard ERPNext accounting flow
Auto-creation completed. Created {0} schedules, {1} errors encountered.
Auto-creation settings updated successfully
Auto-generated descriptive name based on date range
Auto-generated descriptive name based on import details
Auto-renewal must be allowed for the default membership type
Automated Actions
Automatically cancel SEPA mandates when terminating
Automatically create 7 sample members to explore the system
Automatically create SEPA Direct Debit batches on specified days
Automatically create donor records when payments are allocated to the donations GL account from unknown customers
Automatically create optimally-sized batches for efficient SEPA processing
Automatically created and synced Customer record for ERPNext integration
Automatically derived from IBAN when possible
Automatically end board/committee positions
Automatically populated from donation records
Automatically renew dues schedule
Automatically set based on duration: 'ANBI Periodic Donation Agreement' (5+ years) or 'Donation Pledge' (1-4 years)
Automatically submit membership invoices when created
Automatically suspend members after consecutive payment failures (after grace period expires). When disabled, members remain in extended grace period indefinitely.
Automatically updated when new member IDs are assigned
Automatically updated when the scheduled member history refresh runs
Automation Settings
Availability
Available
Available Amount
Available Balance
Available to Join
Average
Average Board Tenure
Average Days Active
Average Days Overdue
Average Days Pending
Average Donation
Average Level
Average Member Value
Average Payment Time
Average Performance
Avg Batch Amount
Avg Batch Size
Avg Member Value
Avg Processing (days)
Avg. Approval Time (days)
Avg. Processing Time
B2B
BIC
BIC automatically derived from IBAN: {0}
BIC/SWIFT
BIC/SWIFT Code
BIC/SWIFT code automatically derived: {0}
BIC:
BIC: {0}
BSN (Citizen Service Number)
BSN Validation Error
BSN Validation Result
BSN is invalid
BSN is valid
BSN must be exactly 9 digits
BSN/RSIN
BTW Box
BTW Exemption Reason
BTW Exemption Type
BTW Reporting Category
BTW custom fields installed successfully. Please refresh to see changes.
BTW exemption applied to {0}
BTW installation fixed successfully
BULK-OP-.YYYY.-
Back
Back to Dashboard
Back to Edit
Back to Import Type
Back to My Teams
Back to Portal
Back to Verenigingen Workspace
Backend API Settings
Backend Webhook Secret
Background colors → Workspace and form backgrounds
Backup Coordinator
Backup Coordinator cannot be the same as Regional Coordinator
Backup Coordinator {0} does not exist
Balance ID
Balance information (opening and closing balances)
BalancesClient requires Backend API configuration.
Bank
Bank Account
Bank Account Holder Name
Bank Account Reminder:
Bank Branch
Bank Change
Bank Details
Bank Details Updated
Bank Details Updated Successfully
Bank Identifier Code (BIC/SWIFT). Optional - can be automatically derived from Dutch IBANs. Example: ABNANL2A
Bank Identifier Code (auto-derived from IBAN if empty)
Bank Identifier Code - optional for Dutch accounts
Bank Name
Bank Reference/Transaction ID
Bank Submission
Bank Transaction
Bank Transfer
Bank Transfer Details
Bank Verification
Bank account number (IBAN) where direct debit payments will be collected. Example: NL91ABNA0417164300
Bank account where Mollie settlements are received
Bank details and SEPA mandate updated successfully! Changes are active immediately.
Bank details updated and SEPA Direct Debit disabled successfully!
Bank details updated and SEPA Direct Debit enabled successfully! Your mandate is active immediately.
Bank details updated successfully.
Bank details updated successfully. SEPA Direct Debit will be disabled within 24 hours.
Bank details updated successfully. SEPA mandate will be created by our scheduled task within 24 hours.
Bank details updated successfully. Your SEPA Direct Debit remains active.
Bank details updated successfully. Your SEPA mandate will be updated within 24 hours.
Bank details will be updated. SEPA Direct Debit remains disabled.
Bank identified: {0}
Bank reference is recommended for tracking bank transfers
Bank reference or payment ID is required for bank transfers
Bank reference or transaction ID
Bank transaction references related to this batch
Bank transaction {0} has already been used to process SEPA batch {1}
Banned
Base Multiplier
Based on
Based on your postal code, we suggest:
Basic
Basic Information
Basic Level
Batch
Batch Configuration
Batch Creation Days
Batch Date
Batch Description
Batch Details
Batch Details (JSON)
Batch Fix Results
Batch Generation
Batch Log
Batch Optimization Configuration
Batch Preview
Batch Processing
Batch Reference
Batch Size
Batch Size Limit Exceeded
Batch Summary
Batch Type
Batch cancelled
Batch is not in a state that can be approved
Batch must be approved before SEPA generation
Batch must be submitted before marking invoices as paid
Batch must be submitted before processing
Batch name is required
Batch not found: {0}
Batch operation completed
Batch operation completed with {0} errors
Batch submitted for processing
Batch submitted to bank successfully
Batch validation failed: {0}
Batches
Batches Created
Be a champion with 100% extra
Become a Member
Become a Volunteer
Beginner
Belgium
Benefits
Bi-weekly
Biannual
Billing
Billing Day
Billing Frequency
Billing Frequency Change
Billing Interval Change
Billing Period
Billing Period in Months
Billing Period in Months is required for Custom billing period
Billing Schedule
Billing Schedule Notes
Billing frequency is not set
Billing interval changes are not yet implemented
Birth Date
Birth date cannot be in the future
Birth date is required
Blocked
Board
Board Experience
Board History
Board History - {0}
Board Member
Board Members
Board Members Only
Board Only
Board Position
Board Positions
Board Positions Ended
Board Review Date
Board Role
Board Role Assignment: {0}
Board Role Distribution
Board Role Ended: {0}
Board Role Profile Configuration
Board Role Profile Management
Board Role-Specific Profile Assignments
Board Role-Specific Profiles
Board Turnover Rate
Board assignment recorded in volunteer history
Board cannot exceed {0} active members
Board change in {0}
Board member added
Board member added successfully
Board member deactivated. End date set to today.
Board member removed successfully
Board member {0} added to chapter members list
Board member {0} tenure exceeds maximum of {1} years
Board members synced successfully
Board must have at least {0} active members
Board role is required
Bookkeeping
Born 1985 - Pending approval
Born 1988 - Pending approval
Born 1990 - Pending approval
Born 1992 - Pending approval
Born 1995 - Pending approval
Born 1999 - Pending approval
Born 2003 - Pending approval
Both
Both import methods create Bank Transaction records. You'll need to reconcile them with your accounting entries separately.
Both team_name and volunteer_name are required
Brand CSS refreshed successfully!
Brand Colors
Brand Management
Brand Settings
Brand colors are applied globally across all portal pages. Changes take effect immediately after saving. Only one brand setting can be active at a time.
Brand settings updated successfully!
Brief description
Brief description of the expense
Browse All Skills
Budget Planning
Bulk Actions
Bulk Approve
Bulk Board Member Operations
Bulk Edit Account Mappings
Bulk Email
Bulk Operation Tracker
Bulk Operations
Bulk Operations Monitor
Bulk Operations Performance Report
Bulk Payment Actions
Bulk Process Terminations
Bulk Remove Board Members
Bulk Update
Bulk action completed
Bulk action completed. {0} records processed.
Bulk action executed
Bulk approval failed: {0}
Bulk creation completed: {0}/{1} successful
Bulk creation failed
Bulk member addition: {0} members added
Bulk operation limited to {0} items at a time
Bulk suspension completed: {0} successful, {1} failed
Bulk suspension failed: No members were suspended
Business Context
Business Justification
Business Rules
Business hours only, weekend restrictions, etc.
By Age Group
By Chapter
By Join Year
By Membership Type
By Payment Method
By Region
By default, reimbursements will be paid to your bank account on file. If you need payment to a different account, please include complete bank details (IBAN, account holder name, bank name) in the notes above.
By providing your bank details, you authorize us to collect membership fees via SEPA Direct Debit.
By submitting this application, you confirm that all information provided is accurate and complete. You will receive a confirmation email with payment instructions.
CORE
CORE: Core, RCUR: Recurring, FNAL: Final, OOFF: One-off
CRM
CRM Integration
CRM Lead
CRM Opportunity
CSRF protection activated: {0}
CSRF token has expired
CSRF token is required
CSRF token is valid
CSRF token missing
CSRF token missing from request
CSRF token signature is invalid
CSRF token user mismatch
CSRF token validation failed
CSRF tokens not available for guest users
CSRF validation failed: {0}
CSRF validation not available for guest users
CSRF validation system error
CSV
CSV validation failed. Check Error Log for details.
CSV validation failed: {0}
CSV/Excel File
Cache cleared for member {0}
Cache clearing failed
Caching Configuration Details
Calculated amount applied to fee adjustment form
Calculated based on start date and membership type (minimum 1 year)
Calculating migration impact...
Calculating...
Calculator
Calendar
Calendar view coming soon
Call
Campaign
Campaign Details
Campaign Dimension Value
Campaign Donation Account
Campaign Donation Account should be different from main Donation Payment Account for proper fund segregation
Campaign Image
Campaign Name
Campaign Owner
Campaign Project
Campaign Reference is required when Purpose Type is Campaign
Campaign Story
Campaign Type
Campaign Video URL
Campaign already has a project linked
Campaign is required when donation purpose is Campaign
Campaign must be active to receive donations
Campaign must have a start date before creating a project
Campaign not specified
Can be approved by any active board member
Can only create amendments for Active or Inactive memberships
Cancel
Cancel Account Creation Request
Cancel Active Memberships
Cancel Agreement
Cancel Periodic Donation Agreement
Cancel Recurring
Cancel Request
Cancel Retry
Cancel SEPA Mandates
Cancel Subscription
Cancel Subscriptions
Cancel all SEPA mandates
Cancel anytime through your member portal
Cancel dues schedules
Cancel memberships
Cancellation Confirmation Sent
Cancellation Date
Cancellation Details
Cancellation Reason
Cancellation Type
Cancellation is only allowed after a minimum membership period of 1 year
Cancelled
Cancelled Date
Cancelled by donor request
Cancelled by member request
Cancelling a mandate is permanent. Are you sure?
Cancelling...
Cannot approve application due to the following issues with the dues schedule template:<br>
Cannot approve application: Membership Type {0} does not have a valid dues schedule template. Please create a dues schedule template for this membership type first.
Cannot cancel completed request
Cannot cancel expense that has been approved or reimbursed
Cannot change to the same membership type
Cannot claim ANBI tax benefits: ANBI functionality is disabled in system settings
Cannot claim ANBI tax benefits: Agreement duration ({0} years) is below minimum requirement of 5 years
Cannot claim ANBI tax benefits: Organization does not have valid ANBI registration
Cannot create new amendment. Member {0} has pending amendments: {1}. Please wait for approval before creating new ones.
Cannot create sales invoice without customer
Cannot link donation to {0} agreement
Cannot refund unpaid payment
Cannot terminate member with status: {0}
Capital Campaign
Case Priority
Cash
Cash Payment
Cash payment registered
Catch-up Amount
Catch-up Invoices Generated
Catch-up Periods
Catch-up Required
Categories
Category
Category Name
Chair Role
Champion
Change Address
Change Date
Change Membership Type
Change Profile Image
Change Type
Change your IBAN or bank details
Change your mailing address and contact details
Changed By
Changed chapter to {0}. Note: {1}
Changes (Last 7 Days)
Changes By
Changes Saved Successfully!
Changes saved successfully
Changes typically take effect at the next billing cycle
Chapter
Chapter (Optional)
Chapter Assigned By
Chapter Board
Chapter Board Member
Chapter Board Member should only see members from their assigned chapter
Chapter Change Reason
Chapter Changes
Chapter Dashboard
Chapter DocType missing required 'members' field
Chapter Expansion
Chapter Expense Report
Chapter Growth Report - {0}
Chapter Head
Chapter Head changed from {0} to {1} due to chair role update
Chapter History Insights
Chapter Involved
Chapter Join Date
Chapter Join Request
Chapter Join Request Approved - {0}
Chapter Join Request Rejected - {0}
Chapter List
Chapter Member
Chapter Member DocType missing required field: {0}
Chapter Members
Chapter Membership Approved - {0}
Chapter Membership History
Chapter Membership Request - {0}
Chapter Membership Update: {0}
Chapter Notification
Chapter Role
Chapter Role '{0}' does not exist
Chapter Role Profile Mapping
Chapter Role {0} does not exist
Chapter Role {0} is not active
Chapter Selection
Chapter Statistics
Chapter Statistics - {0}
Chapter Transfers
Chapter and Member ID are required
Chapter and Member names are required
Chapter and Volunteer activity
Chapter assigned successfully
Chapter covers the following areas:
Chapter document not available
Chapter is not accepting new members
Chapter is now private and hidden from members
Chapter is now public and visible to members
Chapter is now published and visible to members
Chapter is now unpublished and hidden from members
Chapter is required
Chapter is required when Purpose Type is Chapter
Chapter is required when donation purpose is Chapter
Chapter join request approved successfully
Chapter join request approved successfully, but email notification failed. Please inform the member manually.
Chapter join request rejected
Chapter join request rejected successfully, but email notification failed. Please inform the member manually.
Chapter membership changes should be made through the Chapter Management interface or using the ChapterMembershipManager utility for proper history tracking.
Chapter membership required for {0}
Chapter name contains invalid characters
Chapter name is required
Chapter not specified
Chapter saved successfully
Chapter {0} does not exist
Chapter {0} has been submitted
Chapter {0} not found
Chapter {0} notification
Chapter(s)
Chapters
Chapters Updated
Chapters to Include
ChargebacksClient requires Backend API configuration.
Chart of Accounts imported successfully! Redirecting to account type review...
Chart of Accounts setup completed successfully!
Chart of Accounts setup started!
Chart will be implemented here
Check
Check 'Track Changes' option
Check Data Quality
Check Frequency
Check Members Without Schedules
Check Owl Theme Status
Check Your Email
Check for potential issues before they become problems
Check if this agreement qualifies for ANBI periodic donation tax benefits. Automatically set based on duration and organization ANBI status.
Check if this expense type can be claimed by any volunteer under organizational policy (e.g., travel, materials)
Check if your organization has applied for the KOR exemption
Check performed:
Check to preview without sending
Check your email for confirmation and payment instructions
Checked when donor has been notified about upcoming renewal
Checked when donor has been warned about upcoming expiry
Checking payment status...
Checking...
Choose Your Contribution
Choose Your Membership
Choose Your Membership & Contribution
Choose how you'd like to stay connected with our community
Choose the chapter you'd like to be part of. Leave blank to be assigned automatically based on your location.
Churn Rate
Churn Reduction
Churn Risk Analysis
Circuit breaker is OPEN - too many recent failures
Circular reference detected in parent categories
City
City name
Claim Date
Claimed Amount
Clean Up
Clean Up Test Data
Cleaning...
Cleanup Complete
Cleanup Failed
Cleanup Results
Cleanup operations can only be run in developer mode for safety
Cleanup operations require Administrator or System Manager role for security.
Clear
Clear Form
Cleared {0} rate limit entries
Click 'Generate Test Members' to create sample members
Click on any section above to access that area of the portal
Click the button below to complete your payment and activate your membership.
Click the button below to manually run the dues schedule creation process.
Close
Closed
Closed Date
Cohort Analysis Data
Cohort Data
Cohort Retention Analysis
Collected
Collection Date
Collection Frequency
Collection date should be at least 2 business days in the future
Comma-separated list of Customer Groups that are eligible for automatic donor creation. Leave empty to allow all customer groups.
Comma-separated list of DocTypes this rule applies to
Comma-separated list of IP addresses allowed for SEPA operations (for security)
Comma-separated list of allowed IP ranges
Comma-separated list of days of the month (1-31) when batches should be created. Example: '1,15' for 1st and 15th of each month
Comma-separated list of email addresses
Comma-separated list of email addresses for SEPA batch notifications. Example: 'treasurer@org.com,finance@org.com'
Comma-separated list of email addresses to notify about stuck dues schedules. Leave empty to use default admin roles (System Manager, Verenigingen Administrator).
Comma-separated list of required permissions (format: DocType:permission)
Comma-separated list of required roles
Comma-separated list of validations that can be bypassed
Comma-separated postal code patterns (e.g., 1000-1999, 2000-2500, 3*)
Comma-separated suggested amounts (e.g., 25,50,100,250)
Commitment Level
Commitment Type
Committee
Communication
Communication History
Communication History - {0}
Communication Preferences
Communication Settings
Communication Skills
Communications
Communications Sent
Community Outreach
Company
Company BIC/SWIFT (Optional)
Company IBAN
Company Name
Company Required
Company is required
Company not configured in Verenigingen Settings
Compare to Previous Period
Complaint
Complete
Complete Activity
Complete Address
Complete Agreement
Complete Payment
Complete Your Membership Payment
Complete Your Payment
Complete overview of your membership dues and payments
Complete your first payment to activate membership
Completed
Completed At
Completion %
Completion Notes
Compliance
Compliance & Audit
Compliance Issue
Compliance Issues Only
Compliance Notes
Compliance Rate
Compliance Status
Compliance Verified
Compliance verified for {0} entries
Compliant
Compliment
Condition
Confidence
Configuration exported successfully
Configuration imported successfully
Configure API connection and defaults
Configure Chapter-Based Data Isolation
Configure Guest User Permissions
Configure different role profiles for different board roles. This overrides the default board role profile for specific roles.
Configure different role profiles for different team roles. This overrides the default role profile for specific roles.
Configure which role profiles are automatically assigned to chapter board members
Configure which role profiles are automatically assigned to team members
Configure your e-Boekhouden API token to enable data migration to ERPNext. You can find your API token in your e-Boekhouden account settings under "API Access" or "Integrations".
Configure your organization's brand colors, logo, and visual identity
Confirm
Confirm Bank Details Update
Confirm Changes
Confirm Cleanup Action
Confirm Payment
Confirm Reversal
Confirm Your Application
Confirm Your Donation
Confirm and Update
Confirmation email sent successfully
Conflict Resolution
Congratulations! You are now an active member.
Congratulations! Your request to join {0} has been approved.<br><br>Welcome to the chapter!
Connect with your local chapter community
Connection Failed
Connection Successful
Connection Test Failed
Connection Test Successful
Connection error. Please check your internet connection and try again.
Connection test failed
Connection test failed. Check your API token.
Connection test successful!
Connections
Consecutive Missed Payments
Consent Date
Consent Given
Consent to use data for ANBI tax reporting
Consider extending to 5+ years for full ANBI benefits
Consider setting an amount threshold for financial operations
Contact
Contact Email
Contact HTML
Contact Information
Contact Number
Contact Person
Contact Request
Contact Request Submitted
Contact Support
Contact Us
Contact requests can only be created for active members
Contact us for amounts outside this range
Contact us for payment arrangements
Contains Sensitive Data
Content
Continue
Continue to Payment
Contribution
Contribution & Payment Status
Contribution Amendment Request
Contribution Calculator
Contribution Configuration
Contribution Mode
Contribution Summary
Contribution Trends
Contribution mode is not set
Controls who can see payment and personal information
Coordinator
Copied to clipboard!
Copy
Copy Webhook URL
Corporate Donor
Cost Center
Cost Center Name
Cost Center Only
Cost center is required for account group {0}
Cost center {0} is not valid for account group {1}
Could not access file content. File path: {0}
Could not automatically derive BIC for this IBAN. Please enter manually.
Could not check payment status
Could not create new payment. Please try again.
Could not create payment. Please try again.
Could not determine CSV delimiter. Please ensure your file uses comma (,), semicolon (;), or tab delimiters.
Could not determine member's chapter
Could not find appropriate BTW account. Please create it manually.
Could not find member associated with this volunteer
Could not find or create BTW parent account. Please create it manually.
Could not get recipient count: {0}
Could not read CSV file or file is empty
Could not read file with any supported encoding. Please check file format.
Could not retrieve subscription status
Counter value cannot be less than the configured minimum: {0}
Counter value must be greater than 0
Country
Coverage
Coverage %
Coverage Description
Coverage End Date
Coverage Gap
Coverage Period Tracking
Coverage Progress
Coverage Start Date
Coverage Status
Coverage Timeline
Coverage Timeline - {0}
Coverage end date for the last generated invoice
Coverage start date for the last generated invoice
Covered Days
Create
Create Anyway
Create Cost Centers
Create Customer
Create Donation Agreement
Create Donor Record
Create Dues Schedule
Create Dues Schedule Template
Create Email Templates
Create Goal
Create Initial Groups
Create Invoice
Create Mandate
Create Membership
Create Membership Type First
Create Memberships:
Create New Member
Create Opportunity
Create Optimal Batches
Create Organization User
Create Organization User Account
Create Payment Entry
Create Records
Create SEPA Mandate
Create Schedules for Selected Members
Create Task
Create Teams:
Create Termination Request
Create User
Create User Account
Create User Accounts
Create Volunteer Profile
Create Volunteer Records
Create a donor record for {0}? This will enable donation tracking and receipts.
Create a periodic donation agreement (ANBI tax benefits)
Create a snapshot of current analytics data?
Create a user account for {0} to access member portal pages?
Create and manage data migrations
Create geographic regions in
Create members and applications manually to understand the process.
Create optimal batches with current configuration?
Create portal user accounts for imported members. This allows them to login and access self-service features. Preserves existing Mollie subscription data.
Created Batches
Created Batches:
Created Employee
Created From Payment
Created From Template
Created Schedules:
Created User
Created by Error Handler
Created by Portal
Created {0} cost centers successfully
Created {0} email groups
Creates dues schedules based on membership type settings
Creating default email templates...
Creating new payment...
Creating optimal batches...
Creation
Creation Trigger Amount
Creation User
Credit Card
Credit Card Number
Credit card, bank transfer, or other online methods
Critical
Critical (>60 days)
Critical Errors
Critical Issues (>14 days)
Critical Issues Only
Critical Only (>60 days)
Critical Operation Rule
Critical Security Configuration Required
Critical business rule violations: {0}
Critical sequence type validation errors found:|||{0}
Cross-organizational data leakage
Cumulative
Currency
Currency '{0}' is not supported by Mollie. Please select another payment method.
Current
Current Active Brand Settings
Current Address
Current Amount
Current Assignments
Current Bank Details
Current Batch
Current Billing Interval
Current Board Member
Current Chapter
Current Chapter(s)
Current Contribution
Current Details
Current Dues Schedule
Current Gaps
Current Level
Current Logo
Current Member ID Status
Current Members
Current Membership
Current Membership Information
Current Membership Type
Current Rate: €${schedule.dues_rate} (${schedule.billing_frequency})
Current SEPA Direct Debit Status:
Current SEPA Mandate
Current Schedule
Current Schedule Details
Current Statistics
Current Status
Current Test Members:
Current Value
Current achieved value (auto-calculated)
Current dues rate for this member (from standard amount, tier, calculator, or custom)
Current profile image
Current: {0}%
Currently active
Custom
Custom Amount
Custom Amount Approved
Custom Amount Approved By
Custom Amount Approved Date
Custom Amount Details
Custom Amount Reason
Custom Annual Contribution Amount
Custom Field 1
Custom Field 2
Custom Field 3
Custom Field 4
Custom Fields Created
Custom Fields Removed
Custom Frequency Number
Custom Frequency Unit
Custom Message
Custom Recipients
Custom Redirect URL
Custom Schedule
Custom Script
Custom Selection
Custom amount cannot be less than {0}% of standard amount ({1})
Custom amount must be greater than 0
Custom membership fee requested during application
Custom pattern for rate limit key (optional)
Customer
Customer Integration
Customer Record
Customer Record Required
Customer Service
Customer {0} already exists for this member
Customer {0} created successfully
Customers:
Customization
Customize your organization's colors and theming
DN-.YY.-
DONOR INFORMATION
Daily
Daily reconciliation failed
Darker shade of accent color used in gradients, shadows, and interactive states
Darker shade of primary color used in gradients, shadows, and interactive states
Darker shade of secondary color used in gradients, shadows, and interactive states
Dashboard
Dashboard data loaded successfully
Dashboard load failed
Dashboard refreshed
Dashboard refreshed successfully
Data Analysis
Data Export
Data Import
Data Preview
Data Quality Report
Data exported successfully
Data privacy violation, potential GDPR compliance issues
Data staged successfully
Database Access: Use bench --site {site} mariadb to verify permission changes
Database Indexing Details
Database Management
Database indexing failed - see logs for details
Date
Date Range
Date Range Required
Date of Birth
Date of first allowed collection
Date of most recent invoice generation failure
Date range cannot exceed {0} days
Date when case was reviewed by governance board
Date when grace period expires
Date when membership application was approved
Date when payments will be collected
Date when the transaction was processed by the bank
Date when this dues schedule was terminated or cancelled
Date: {0}
Dates
Day of month for anniversary billing (1-31). Defaults to member anniversary or 1st of month.
Days
Days Active
Days Ago
Days Before Expiry
Days Left
Days Old (Custom)
Days Overdue
Days Pending
Days Since Last Membership
Days Threshold
Days back must be between 1 and 90
Days before grace period expiry to send warning notifications
Days to Approval
Deactivate
Deactivate SEPA Mandates
Deactivate SEPA mandates
Deactivate Selected
Dear {0},||||||This is to inform you that a disciplinary procedure has been initiated regarding your membership. You will be contacted with further details as the process proceeds.||||||Reference: {1}||||||Regards,|||Membership Administration
Debit Account
Debug
Debug Connection
Debug Duplicates
Debug File
Debug Import
Debug Improved
Debug functions are only available in development mode or for System Managers
Deceased
December
Decreases By
Default Board Role Profile
Default Board Role Profile '{0}' does not exist
Default Cash Account
Default Cost Center
Default Donor Type
Default Dues Schedule Template
Default Grace Period Days
Default Item Group
Default Membership Type
Default Project
Default Role Profile
Default Role Profile '{0}' does not exist
Default Subscription Interval
Default Tax Exemption Type
Default Tax Template
Default cash account for payment processing
Default donor type for new donors created through donation forms
Default email templates created. Please try again.
Default for New Members
Default grace period days must be between 1 and 180 days
Default item group for membership items
Default receivable account for membership dues invoices. If not set, will use Company default receivable account.
Default receivable account for payment plans and member transactions
Deferred Payment
Delete existing journal entry if it already exists
Department hierarchy created successfully
Department-Specific
Describe the specific goal or purpose for this donation
Describe what additional information you need from the applicant
Description
Description of the specific goal or purpose for this donation
Descriptive Name
Deselect All
Detailed Statistics
Details
Details & Error Tracking
DigiD
Direct Chapter Work
Direct Debit
Direct Debit Batch
Direct Debit Batch Invoice
Direct bank transfer to our account
Direct dues schedule creation is no longer allowed. Please use the Contribution Amendment Request workflow instead.
Direct link to the most recently generated invoice
Direct mapping from E-boekhouden transaction types to ERPNext document types
Disable the member's backend user account
Disabled
Disabled on {0}
Disciplinary Action
Disciplinary Actions
Disciplinary Documentation
Disciplinary termination procedure has been initiated for {0}
Discover and register for upcoming events
Discover volunteer skills and find the right people for your projects
Display Name
Display Order
Displays member's current chapter membership(s) based on Chapter Member relationships
Dissolved
Do you want to deactivate the existing assignment to {0}?
Do you want to save your changes?
Document has been modified by another user. Please refresh and try again.
Document version tracking is disabled
Document was not saved properly. Please try again.
Document-Level Permission Enforcement
Documentation
Documentation Required
Documentation is required for disciplinary actions
Documentation is required for disciplinary terminations
Documentation: Refer to Frappe Framework security documentation
Domain to use for organization email addresses (e.g., members.union.org)
Donate Now
Donation
Donation Amount
Donation Campaign
Donation Date
Donation Debit Account is required when automating donation payment entries
Donation Details
Donation Frequency
Donation History
Donation ID
Donation ID is required
Donation Information
Donation Notes
Donation Overview
Donation Payment
Donation Payment Account is required when automating donation payment entries
Donation Pledge
Donation Pledge (No Special ANBI Benefits)
Donation Purpose
Donation Purpose & Earmarking
Donation Receivable Account
Donation Statistics
Donation Status
Donation Tracking
Donation Updated Successfully
Donation amount must be greater than zero
Donation amount must match Periodic Donation Agreement amount
Donation created successfully
Donation date cannot be in the future
Donation donor does not match agreement donor
Donation earmarked for specific chapter
Donation is already linked to an agreement
Donation is already linked to this agreement
Donation linked successfully
Donation linked to agreement successfully
Donation pledges must be for a minimum of 1 year
Donation purpose changed to General as no specific goal description was provided
Donation record created but payment setup failed
Donation submitted successfully
Donations
Donations & ANBI Settings
Donations GL Account
Donations: Updated {0} entries
Donations: {0}
Donor
Donor Address
Donor Category
Donor Information
Donor Name
Donor Preferences
Donor Progress
Donor Record
Donor Relationships
Donor Segmentation
Donor Signature Received
Donor Tax Bracket
Donor Type
Donor already has active ANBI agreement: {0}. Only one active ANBI agreement per donor is allowed.
Donor goal must be positive
Donor is required for ANBI agreements
Donor is required for all agreements
Donor must provide ANBI consent before creating ANBI-eligible agreement. Please update donor record first.
Donor must provide ANBI consent for tax-exempt donations
Donor record '{0}' not found. Please ensure donor exists before creating agreement.
Donor record already exists for this member
Donor record created successfully. Member can now receive donation receipts.
Donor type must be 'Individual' or 'Organization' for ANBI agreements
Donor's income tax bracket for calculating benefits
Download PDF
Download SEPA File
Download SEPA Mandate
Download Template
Download a complete export of your financial data including payment history, schedules, and settings.
Downloading SEPA mandate document...
Dr.
Draft
Draft loaded successfully
Draft membership can be cancelled without restrictions
Draft not found or expired
Draft saved successfully
Due
Due Date
Due Date Range
Due This Month
Due This Week
Dues Payments Receivable Account
Dues Rate
Dues Schedule
Dues Schedule Administration
Dues Schedule Maintenance
Dues Schedule Maintenance Tool
Dues Schedule Status
Dues Schedule Template
Dues Schedule created successfully
Dues schedule created successfully
Duplicate Entry
Duplicate Membership
Duplicate Role Assignment
Duplicate role profile assignment for Chapter Role '{0}'
Duplicate role profile assignment for Team Role '{0}'
Duration
Duration (Hours)
Duration cannot exceed {max_days} days
Duration must be at least {min_days} days
Duration of the commitment. Minimum 5 years required for ANBI periodic donation tax benefits.
Duration of the commitment. Minimum 5 years required for ANBI periodic donation tax benefits. Shorter durations are pledges without special tax benefits.
Dutch
Dutch BTW exemption templates and settings have been created
Dutch Burger Service Nummer for individuals (encrypted)
Dutch name particles
Dutch name particles/prefixes (van, de, van der, etc.)
E-Boekhouden
E-Boekhouden Migration Dashboard
E-Boekhouden Migration Status
ERPNext Docs
ERPNext Expense Claim
ERPNext Integration
EXEMPT_FUNDRAISING
EXEMPT_MEMBERSHIP
EXEMPT_NONPROFIT
EXEMPT_NO_INPUT
EXEMPT_SMALL_BUSINESS
EXEMPT_WITH_INPUT
Earliest transaction date in the MT940 file
Earmarking accounts not configured
Edit
Edit Account Mapping
Edit Again
Edit Configuration
Edit Profile
Edit Settings
Effective Date
Effective date cannot be in the past. Date provided: {0}, Today: {1}
Efficiency Score
Either
Eligible Customer Groups
Eligible Invoices
Email
Email Address
Email All Members
Email Board Members
Email Chapter Members
Email Content
Email Group Administration
Email Groups
Email Overdue List
Email Preview
Email Recipients Preview
Email Template
Email Volunteer Interest Report
Email address for member support and contact (used in fee adjustment forms and member communications)
Email address is required when email is the preferred contact method
Email is available
Email is required
Email is required to create a user
Email notification sent to administrators
Email notifications for due payments
Email queued for {0} recipients
Email scheduled to be sent to {0} members after {1}
Email sent successfully
Email sent to {0} board members
Email sent to {0} members
Email template to use for rejection notification
Email to Coordinators
Emails sent to {0} board members
Emergency Relief
Employee
Employee Creation
Employee ID
Employee Records Updated
Employer
Enable ANBI (Algemeen Nut Beogende Instelling) functionality for tax-deductible donations and periodic donation agreements
Enable ANBI Functionality
Enable Auto-Pay
Enable Automatic Batch Creation
Enable Automatic Member Suspension
Enable Backend API
Enable Board Role-Specific Profiles
Enable Business Validation
Enable Caching Layer
Enable Chapter Management
Enable Database Indexing
Enable Email Analytics
Enable Email Group Sync
Enable Mollie Backend API for settlements, balances, and invoices
Enable Mollie Subscriptions
Enable Query Optimization
Enable Role-Specific Profiles
Enable Version Tracking
Enable automatic payment via SEPA Direct Debit
Enable automatic synchronization of email groups
Enable email campaign analytics tracking
Enable strict period mode for SEPA batch processing - prevents overlapping payment periods
Enabled
Enabling SEPA Direct Debit will create a new SEPA mandate that you'll need to authorize.
Encryption Key
End
End Activity
End Board Positions
End Board/Committee Positions
End Date
End all board/committee positions
End board positions
End date cannot be before start date
End date for the next billing period to be generated
End date is required
End date is required for item {0}
End date must be after start date
End of Period
Ending activity...
Endowment
Ends
Enforce 1-Year Minimum Period
Engagement Score
English
Enhanced MT940 custom fields created successfully for Bank Transaction doctype
Enhanced MT940 custom fields removed successfully
Enhanced SEPA Dues Batch {0} created with {1} invoices totaling €{2}
Ensure all mandates are properly signed before using FRST
Enter Amount
Enter campaign name or reference
Enter email addresses separated by commas
Enter number or percentage based on goal type
Enter skill name...
Enter the eBoekhouden mutation ID to import (e.g., 6316)
Enter the new counter value. Must be greater than current highest assigned ID.
Enter the new membership fee amount for this member
Enter your IBAN (e.g., NL91ABNA0417164300)
Enter your last name
Enter your preferred name
Enter your preferred pronouns or indicate if you prefer your name to be used
Entity Name
Entry Count
Equal Installments
Equals
Error
Error Category
Error Color
Error Details
Error Handler Config
Error Handler Information
Error Information
Error Log
Error Message
Error Recovery Tracking
Error Summary
Error accessing member record
Error adding board member: {0}
Error applying amendment: {0}
Error applying fee change: {0}
Error applying membership type change: {0}
Error applying role profiles: {0}
Error approving batch: {0}
Error approving payment plan: {0}
Error approving request: {0}
Error assigning member ID: {0}
Error cancelling Mollie subscription: {0}
Error cancelling donation:
Error cancelling subscription:
Error category must be one of: {0}
Error checking application status
Error checking payment status: {0}
Error creating batches
Error creating batches:
Error creating dues schedule: {0}
Error creating email groups
Error creating enhanced dues batch: {0}
Error creating membership type change request: {0}
Error creating membership: {0}
Error creating payment plan: {0}
Error exporting analytics: {0}
Error exporting data
Error generating SEPA file: {0}
Error generating direct debit batch: {0}
Error generating preview
Error generating report
Error importing mutation {0}
Error joining chapter. Please try again or contact support.
Error joining chapter: {0}
Error loading Mollie balance data: {0}
Error loading activity dashboard: {0}
Error loading assignments
Error loading board history: {0}
Error loading communication history: {0}
Error loading dashboard data
Error loading dashboard data. Please try again.
Error loading draft
Error loading email template: {0}
Error loading growth report: {0}
Error loading health report:
Error loading invoice data
Error loading predictive analytics
Error loading statistics
Error loading statistics: {0}
Error marking invoices as paid: {0}
Error message from most recent failure (truncated)
Error occurred. Please run manually: bench execute verenigingen.manual_fix.fix_backend_members_now
Error parsing postal code patterns
Error preparing email dialog: {0}
Error preparing member email dialog: {0}
Error processing batch: {0}
Error processing board members. Please check the error log.
Error processing form data: {0}
Error processing payment. Please try again.
Error reading CSV file: {0}
Error reading Excel file: {0}. Please try converting to CSV format.
Error refreshing CSS
Error refreshing brand CSS
Error refreshing statistics: {0}
Error rejecting batch: {0}
Error rejecting request: {0}
Error retrieving expense details
Error running prevention check:
Error saving draft
Error sending email: {0}
Error sending emails: {0}
Error sending member emails: {0}
Error sending newsletter: {0}
Error syncing board members: {0}
Error syncing donation history:
Error syncing email groups
Error syncing to Owl Theme
Error testing connection:
Error updating Mollie subscription: {0}
Error updating donation:
Error validating Mollie credentials: {0}
Error validating mandate: {0}
Error validating postal codes: {0}
Error/danger color
Error:
Error: Please run manually: bench execute verenigingen.manual_fix.fix_backend_members_now
Error: {0}
Errors:
Escalated
Escalated On
Estimate Import Size
Estimated Annual Tax Benefit
Estimated Completion
Estimated Hours
Estimated Overdue Amount
Estimated tax savings based on donor's tax bracket
Even for immortals, ages over 1000 years require additional verification
Event
Event Attendance
Event Attendee
Event Details
Event ID
Event Information
Event Invitations
Event Organization
Event Planning
Event Type
Event announcements (non-statutory)
Event-Based
Events
Events & Community
Every 2 weeks
Every 3 months
Every 6 months
Every month
Every year
Exact code: {0}
Excel
Excel files require pandas library. Please install pandas or convert to CSV format first.
Exception
Execute
Execute All
Execute Cleanup
Execute Termination
Executed
Executed By
Executing termination...
Execution Date
Execution Details
Execution Notes
Execution Results
Execution Time Threshold (ms)
Existing Membership Found
Existing mandate {0} will be replaced
Expected Amount
Expected CSV/Excel Column Headers
Expected End Date
Expected Growth
Expected Total
Expelled
Expense Account
Expense Category
Expense Claim
Expense Date
Expense ID
Expense Information
Expense Items
Expense Summary
Expense Type
Expense approval functionality will be implemented when expense system is integrated.
Expense approved successfully
Expense claim saved successfully and awaiting approval
Expense date cannot be in the future
Expense details not found
Expense rejected
Expenses
Expenses Submitted!
Experience Level
Experienced
Expert
Expired
Expires
Expiring Agreements
Expiring Memberships
Expiring On
Expiring Soon
Expiring in Days
Expiry Date
Expiry Warning Sent
Expiry date cannot be before sign date
Explain why this member is being suspended
Explain why this member is being unsuspended
Explain why this member needs a different fee amount
Explore member details, chapters, and memberships
Export
Export Agreements
Export All Financial Data
Export Analytics
Export CSV
Export Gap Analysis
Export Member List
Export Schedule
Export Skills Data
Export completed successfully
Export completed. {0} records exported.
Export failed: {0}
Export feature for {0} is under development
Export for Belastingdienst
Export for Collection
Export for Tax Authority
Export functionality to be implemented
Export to Excel
Expulsion
Expulsion Date
Expulsion Report
Expulsion Report Entry
Expulsion Report Results
Expulsion Type
Expulsion date cannot be in the future
Expulsion has already been reversed
Expulsion reversed successfully
Extraordinary General Meeting notices
FINAL NOTICE: Immediate Payment Required
FNAL
FRST
FRST: First/One-off, RCUR: Recurring, FNAL: Final, OOFF: One-off
Facilitation
Failed
Failed Records
Failed Retries
Failed Reversals
Failed payment notifications
Failed to activate chapter member: {0}
Failed to add activity: {0}
Failed to add board member: {0}
Failed to add chapter member: {0}
Failed to add members: {0}
Failed to add {0} members
Failed to analyze account categories
Failed to apply fee change to schedule: {0}
Failed to apply fee override to member: {0}
Failed to approve member
Failed to approve request:
Failed to approve request: {0}
Failed to assign Expense Approver role: {0}
Failed to assign chapter
Failed to call the analysis method. Check console for details.
Failed to cancel Mollie subscription: {0}
Failed to cancel dues schedule {0} during amendment {1}: {2}
Failed to cancel existing dues schedule: {0}
Failed to cancel recurring donation
Failed to cancel subscription
Failed to check ANBI validation status. Please try again.
Failed to clear rate limits
Failed to clear retry queue: {0}
Failed to clear stuck jobs: {0}
Failed to connect: ${r.message ? r.message.message : 'Unknown error'}
Failed to create CRM lead: {0}
Failed to create CRM opportunity from contact request {0}: {1}
Failed to create Contact for Customer
Failed to create Donors customer group: {0}
Failed to create SEPA mandate for member {0}
Failed to create SEPA mandate {0} with IBAN {1} for member {2}: {3}
Failed to create SEPA mandate. Please check the system logs.
Failed to create SEPA mandate: {0}
Failed to create Verenigingen Member role: {0}
Failed to create activity: {0}
Failed to create address: {}
Failed to create analytics snapshot: {0}
Failed to create application invoice: {0}
Failed to create bulk operation tracker: {0}
Failed to create chapter membership: {0}
Failed to create contact for donor: {0}
Failed to create contact request: {0}
Failed to create customer for donor: {0}
Failed to create customer for recurring payment
Failed to create customer: {0}
Failed to create donation record
Failed to create donor record
Failed to create donor record: {0}
Failed to create donor: {0}
Failed to create dues schedule for amendment {0} with rate €{1}: {2}
Failed to create dues schedule: {0}
Failed to create earmarking journal entry: {0}
Failed to create enhanced MT940 fields: {0}
Failed to create member application: {0}
Failed to create membership fee item: {0}
Failed to create membership invoice. Please contact support.
Failed to create opportunity: {0}
Failed to create payment
Failed to create payment entry for member {0}
Failed to create payment entry: {0}
Failed to create payment record for member {0}
Failed to create project. Please check if Project DocType is properly configured.
Failed to create subscription setup
Failed to create subscription: {0}
Failed to create user: {0}
Failed to end activity: {0}
Failed to execute member termination: {0}
Failed to execute termination
Failed to execute termination: {0}
Failed to export member list: {0}
Failed to export schedule
Failed to finalize member approval. Please try again or contact administrator.
Failed to generate CSRF token
Failed to generate report: {0}
Failed to generate test members.
Failed to get audit statistics
Failed to get rate limit status
Failed to get user permissions
Failed to import mutation {0}
Failed to initialize payment. Please try again.
Failed to join chapter: {}
Failed to link SEPA mandate to member {0}
Failed to link SEPA mandate {0} to member {1}: {2}
Failed to link donation to agreement: {0}
Failed to link mandate to member: {0}
Failed to link new user to member: {0}
Failed to link opportunity {0} to contact request {1}: {2}
Failed to link user to member: {0}
Failed to load assignments: {0}
Failed to load available members: {0}
Failed to load board history: {0}
Failed to load dashboard data
Failed to load dashboard statistics
Failed to load member directory: {0}
Failed to load skills data
Failed to load user data
Failed to load user data:
Failed to load volunteer history: {0}
Failed to mark bulk operation as started: {0}
Failed to mark request as completed: {0}
Failed to mark request as processing: {0}
Failed to process application. Please contact support.
Failed to process board members: {0}
Failed to process payment method
Failed to process payment. Please contact support.
Failed to queue request:
Failed to refresh dashboard data
Failed to reject request:
Failed to reject request: {0}
Failed to remove enhanced MT940 fields: {0}
Failed to remove member: {0}
Failed to remove optimizations: {0}
Failed to remove pending chapter member: {0}
Failed to remove volunteer assignment: {0}
Failed to retrieve member information
Failed to retry request:
Failed to save final approval status. Please try again.
Failed to save member data. Please try again.
Failed to save migration document:
Failed to save settings
Failed to save volunteer assignment history: {0}
Failed to search audit logs
Failed to send ANBI receipt
Failed to send confirmation email
Failed to send payment confirmation email
Failed to set module restrictions: {0}
Failed to set up database indexes: {0}
Failed to set up payment customer
Failed to submit any expenses
Failed to submit earmarking journal entry: {0}
Failed to submit membership. Please try again.
Failed to submit request. Please try again.
Failed to suspend existing donation mandate: {0}
Failed to suspend existing mandate: {0}
Failed to sync with volunteer system: {0}
Failed to toggle auto batch creation. Please check the system logs.
Failed to transition role: {0}
Failed to trigger bulk optimization: {0}
Failed to trigger member optimization: {0}
Failed to update Mollie subscription: {0}
Failed to update account types
Failed to update address: {}
Failed to update bank details. Please try again or contact support.
Failed to update bank details: {0}
Failed to update bulk operation progress: {0}
Failed to update chapter member status: {0}
Failed to update contact from donor sync: {0}
Failed to update customer from donor sync: {0}
Failed to update donation
Failed to update fee change history: {0}
Failed to update member chapter display: {0}
Failed to update member fee override: {0}
Failed to update member mandate: {0}
Failed to update member with SEPA mandate: {0}
Failed to update member: {0}
Failed to update payment history for member {0}
Failed to update personal details. Please try again or contact support.
Failed to update tax identifiers. Please try again.
Failed to update volunteer history. Please check the logs.
Failed to update webhook URLs: {0}
Failed to upload image. Please try again.
Failed to validate file. Please try again.
Failure Details
Failure Rate Threshold (%)
Failure Reason
February
Fee
Fee Adjustment
Fee Adjustment Limits
Fee Amendment Status
Fee Change
Fee Change History
Fee Management
Fee adjustment is not enabled
Fee decreases always require approval
Fee increases require approval
Fee reductions require approval
Fetch ALL Mutations (REST API)
Fetching mutations from REST API...
Field '{0}' is required
Field Creation Error
Field Mapping Guide
Field Removal Error
Field value too long (max 2000 characters): {0}
Field {0} is required
File Appeal
File Details
File Encoding
File Hash
File Name
File Size (bytes)
File an appeal for this expulsion
File encoding error. Please check the encoding setting or try a different encoding.
File not found. {0}
File selected. Click "Validate CSV" to process the file.
File selected: {0}. Click "Validate CSV" to process and validate the file.
File size must be less than 5MB
File type {0} not yet supported
Filter Info
Filter Recipients
Filter by ANBI eligibility status
Filter by specific chapter (optional)
Filtered to your chapters: {0}
Final Error
Final collection - Last payment before mandate cancellation
Finalizing...
Financial
Financial & SEPA Settings
Financial Admin Emails
Financial Analysis
Financial Dashboard
Financial Data Isolation
Financial Details
Financial History
Financial Level
Financial Management
Financial Settings
Financial Skills
Financial data exported successfully
Financial fraud, privacy violations, regulatory compliance issues
Financial information
Find Volunteers
Find and join chapters in your area to connect with fellow members
First Collection Date
First Donation
First Name
First automatic collection will occur with your next billing cycle
First collection - Use for new mandates
First name contains invalid characters
First name is required
First step:
First tax year when benefits apply (leave blank for current year)
Fiscal Year
Fix Account Types
Fix Backend Member Status
Fix Selected Issues
Fixed ${r.message.fixed_count} account type issues.
Fixes Applied
Fixing backend member statuses...
Flexible Preferences:
Follow Up Date
Footer
Footer Message
For DocType 'Direct Debit Batch': Remove ALL permissions
For DocType 'Member': Enable 'User Permission' and set condition: user.chapter == doc.chapter
For DocType 'Member': Remove all permissions (read, write, create, delete)
For DocType 'Membership': Remove all permissions
For DocType 'Payment Entry': Remove ALL permissions
For DocType 'SEPA Mandate': Remove ALL permissions
For DocType 'SEPA Mandate': Remove all permissions
For DocType 'Sales Invoice': Remove ALL permissions
For DocType 'Verenigingen Volunteer': Enable 'User Permission' with chapter restriction
For DocType 'Volunteer Expense': Remove all permissions
For amounts outside the normal range, please contact us at {0}
For critical DocTypes (Member, Membership, SEPA Mandate, Volunteer):
For donations of €%s or more, we can provide tax deduction benefits
For each Chapter Board Member user, add User Permission for their specific Chapter
For financial DocTypes: Only allow 'read' for own records (if needed)
For general inquiries, please contact us at:
For general organizational work (policy-covered expenses like travel/materials allowed for all volunteers)
For higher amounts, please contact us directly
For internal use only, not sent to applicant
For work done as part of a specific team or commission
For work done directly for a local chapter
Force Assign Member ID
Force Pending Status
Force Rebuild CSS
Force assign a member ID to {0}? This bypasses normal assignment rules.
Forecast
Forecast Members (12m)
Found existing customer with same name: {0}
Found similar customer names. Please review:
Found {0} members without dues schedules:
Frappe School
Frappe Support
Fraud Prevention
French
Frequency
Fri
From
From Date
From Due Date
Fulfilled
Full Dashboard
Full Description
Full Migration
Full Name
Full migration error:
Full migration failed:
Full name as on bank account
Full tax deductibility for donor
Fund Designation
Fund:
Fundraising
Fundraising Progress
Fundraising campaigns
Further donation details
GL Account for donations. When payments are allocated to this account, donors will be automatically created if auto-creation is enabled.
GROWTH RATE
Gap Days
Gap Severity
General
General Fund
General Inquiry
General Overhead
General contact email for notifications and communications
General organizational updates
Generate
Generate ANBI Report
Generate Catch-up Invoices
Generate Expulsion Report
Generate Governance Report
Generate Invoice
Generate Invoices
Generate Manual Invoice
Generate PDF
Generate Report
Generate SEPA File
Generate Tax Receipts
Generate Test Data
Generate Test Data for Verenigingen
Generate Test Members
Generate Webhook Secret
Generate an invoice for the first membership fee
Generate file in test mode (not for production use)
Generate invoice this many days before due date
Generate realistic test members to explore the member management features.
Generate realistic test members to explore the system quickly.
Generated
Generating Report
Generating batch preview...
Generating invoice...
Generating...
Generation Failed
Geographic Coverage
German
Germany
Get Items
Get a copy of your signed mandate
Get personalized advice on your contribution plan
Get started with membership management
Go to Member Portal
Go to Settings
Go to the Member list to see the created members
Go to: Setup > Customize > DocType List
Go to: Setup > Document > Version to view change history
Go to: Setup > System Settings
Go to: Setup > Users and Permissions > Role Permissions Manager
Go to: Setup > Users and Permissions > User Permissions
Goal
Goal Achievement
Goal Details
Goal Name
Goal Type
Goal Year
Goal created successfully
Goals
Goals vs Actual
Governance
Governance Report Results
Governance Tracking
Grace Period
Grace Period End
Grace Period Expiry
Grace Period Expiry Date
Grace Period Notification Days
Grace Period Reason
Grace Period Status
Grace period end cannot be before termination date
Grace period expiry date automatically set to {0} days from today ({1})
Grace period expiry date cannot be in the past
Grace period expiry date is required when grace period status is set
Grace period notification days must be between 1 and 30 days
Grace period notification days must be less than default grace period days
Grant Writing
Graphic Design
Greater Than
Greater impact with predictable support
Group Title
Growth Rate
Growth Report
Growth Scenarios
Guest Access Control Gap
Guest users can currently access member personal data and financial information
Guest users can view SEPA mandate and financial information
Has Issues
Has SEPA Mandate
Has Volunteer Record
He/Him
He/him
Header Image
Health Check Status
Healthy Schedules
Hello
Hello, {0}!
Help
Help Center
Help us address you respectfully in communications and events
Help us grow with 50% extra
Here is your webhook secret for {0} API, this will be shown to you only once.
High
High Risk
High Risk Members
High chargeback risk detected
Historical
Historical Donations
Historical data backfill for any date range
Historical record of all chapter memberships and board positions
Historical record of all volunteer assignments and roles
History tables updated successfully:<br>{0}
Honorary
Hourly
Hours
Hours This Year
How it works:
How much would you like to donate?
How often to send payment reminders for overdue donations
How should we use your donation?
How to use the test data:
How would you like to pay?
Human-readable description of geographic coverage
Hybrid
Hybrid (Settlements + Payments) - Recommended
Hybrid combines settlement data for bulk periods with individual payments for recent transactions
Hybrid strategy for optimal performance
I agree to the
I agree to the membership terms and conditions
I agree to the privacy policy and data processing
I agree to the terms and conditions and confirm that this donation is voluntary
I am currently a student (may qualify for reduced membership fees)
I am interested in making additional donations to support the association
I authorize the collection of this amount via SEPA Direct Debit
I confirm that I want to execute these terminations
I confirm that I want to generate catch-up invoices for these members
I confirm that the bank has processed this batch
I consent to the processing of my personal data as described in the privacy policy
I do NOT wish to receive optional newsletters and organizational updates
I understand this action cannot be undone
I understand this action will affect multiple members
I want to request tax deduction benefits for this donation
I would like to receive newsletters and updates
I'm interested in volunteering with the association
IBAN
IBAN History
IBAN Validation Failed
IBAN and Account Holder Name are required for SEPA Direct Debit
IBAN contains invalid characters
IBAN has been changed. Please review SEPA mandates as they may need to be updated.
IBAN is required
IBAN is required for SEPA Direct Debit payment method
IBAN too short
IBAN:
IBAN: {0}
ID
IP Address
IP Restrictions
Identification Not Verified
Identification Verified
Identifies members with active memberships but no active dues schedule
If checked, only one person can have this role at a time (e.g., Chair, Treasurer)
If checked, only one person can have this role at a time (e.g., Team Leader, Secretary)
If the member is currently assigned to another chapter, that membership (and any board roles) will be ended automatically.
If you check this box, you will NOT receive:
If you continue to have issues, please contact our support team.
If you enable this option, you will NOT receive the following types of communications:
If you encounter issues during security configuration:
If you have questions about fee adjustments or need financial assistance, please contact us.
If you have questions about your payment, please contact our support team.
If you need a different membership type (e.g., switching from monthly to quarterly, or to a different membership category), you can request a change here.
If you want to create multiple memberships for this member, check the Allow Multiple Memberships box.
If you're experiencing issues with payment, please contact our support team.
Image
Image file size must be less than 5MB
Immediate
Impact
Impact Preview
Impact Statement
Impact preview is only available for fee changes
Import
Import Bank Transactions
Import Complete
Import Date
Import Error
Import Estimate
Import Failed
Import Information
Import MT940
Import MT940 Bank Statement
Import MT940 File
Import Methods
Import Mutation
Import Name
Import Opening Balances
Import Results
Import Single Mutation
Import Status
Import Strategy
Import Summary
Import Transactions
Import Type
Import completed in test mode. No records were created.
Import completed successfully!
Import members from Mijnrood CSV files. Automatically creates chapters with 'nl' region if they don't exist. Middle_name field maps to Tussenvoegsel for Dutch name particles.
Import transaction data directly from Mollie's backend API:
Import transactions from MT940 files or Mollie backend
Import validation failed. Check the error log for details.
Important
Important Information
Important Legal Notice
Importing mutation {0}...
In Progress
In-person
Inactive
Inactive Members
Inappropriate Zero Rate Schedules
Include Appeals Data
Include BSN/RSIN
Include Dues Schedule Information
Include Payment Link
Include Pending Members
Include Social Media Links
Include Suspended Members
Include Terminated Members
Include Unsubscribe Link
Include decrypted tax identifiers (requires special permission)
Include me in the member directory
Include the reference number in your transfer description
Incomplete Payment Information
Increase your fee to provide extra support
Increases By
Indicates if the member expressed interest in volunteering during application
Indicates if this request was submitted by the member through the portal
Indicates if this role represents the Chair/Head of the chapter
Indicates if this role represents the Leader/Head of the team
Individual
Individual Donors
Individual Payments - Detailed, Slower
Individual donors require valid BSN (Citizen Service Number) for ANBI agreements
Individual payment details with full metadata
Info Color
Info:
Information Needed
Information Visibility
Information/neutral color
Initial Assignments
Initial Status
Initializing payment...
Initializing...
Initiated By
Input VAT
Install Owl Theme app from the Frappe marketplace
Installment #
Installment Amount
Installment {0} is already paid
Installment {0} not found
Installments
Insufficient funds available for refund
Insufficient permissions
Insufficient permissions for batch rollback
Insufficient permissions for bulk invoice generation
Insufficient permissions for member reference cleanup
Insufficient permissions for membership data cleanup
Insufficient permissions for schedule cleanup
Insufficient permissions to access BSN
Insufficient permissions to access RSIN
Insufficient permissions to access SEPA mandate {0}
Insufficient permissions to access member data
Insufficient permissions to access team data
Insufficient permissions to approve requests for chapter {0}
Insufficient permissions to assign member ID
Insufficient permissions to clear jobs
Insufficient permissions to create Contact
Insufficient permissions to create Customer
Insufficient permissions to create invoices
Insufficient permissions to create payment entries
Insufficient permissions to create user account requests
Insufficient permissions to create user accounts
Insufficient permissions to create volunteer records
Insufficient permissions to debug volunteer access
Insufficient permissions to export ANBI report
Insufficient permissions to export BSN/RSIN data
Insufficient permissions to export member data
Insufficient permissions to export reports
Insufficient permissions to generate ANBI report
Insufficient permissions to generate reports
Insufficient permissions to manage database indexes
Insufficient permissions to manage queues
Insufficient permissions to modify team
Insufficient permissions to modify user roles
Insufficient permissions to monitor index performance
Insufficient permissions to rebuild workspace
Insufficient permissions to reject requests for chapter {0}
Insufficient permissions to remove optimizations
Insufficient permissions to request role: {0}
Insufficient permissions to reset member ID counter
Insufficient permissions to retry bulk operations
Insufficient permissions to run bulk import
Insufficient permissions to send consent requests
Insufficient permissions to sync team {0}
Insufficient permissions to sync teams
Insufficient permissions to test job system
Insufficient permissions to update SEPA mandate for member {0}
Insufficient permissions to update bank transactions
Insufficient permissions to update donation
Insufficient permissions to update tax identifiers
Insufficient permissions to update user home pages
Insufficient permissions to validate indexes
Insufficient permissions to view ANBI data
Insufficient permissions to view index status
Insufficient permissions to view performance metrics
Insufficient permissions to view queue status
Insufficient permissions to view this member's jobs
Insufficient permissions to {0} {1}
Insufficient permissions. Required roles: {0}
Insufficient permissions. You need Administrator access or System Manager/Verenigingen Administrator role.
Insufficient permissions. You need Administrator access, System Manager role, or Verenigingen Administrator role.
Insufficient privileges for system operations. Required: {0}
Integrity Hash
Intensive
Interest Area
Interest Areas
Interested in Donations
Interested in Volunteering
Interests
Intermediate
Internal Notes
Internal encryption key for secure data storage
International Bank Account Number
International Bank Account Number (e.g., NL91ABNA0417164300)
International Bank Account Number - will be validated automatically
Introduction
Introduction Message
Introduction exceeds maximum length of 500 characters
Introduction exceeds maximum length of {0} characters
Introduction is required
Invalid API key
Invalid BSN (failed eleven-proof validation)
Invalid BSN number (failed eleven-proof validation)
Invalid BSN: {0}
Invalid CSRF token
Invalid CSRF token format
Invalid CSRF token format: {0}
Invalid Chapter Role
Invalid Chapter reference: {0}
Invalid Dutch postal code format. Expected format: 1234AB
Invalid IBAN
Invalid IBAN checksum - please verify the account number is correct
Invalid IBAN format
Invalid IBANs found:
Invalid Mollie credentials. Please check your Profile ID and Secret Key.
Invalid Mollie customer ID format: {0}. Expected format: cst_xxxxxxxxxxxxxx
Invalid Mollie subscription ID format: {0}. Expected format: sub_xxxxxxxxxxxxxx
Invalid Periodic Donation Agreement
Invalid Postal Code Patterns
Invalid Postal Codes
Invalid RSIN number (failed eleven-proof validation)
Invalid Role Profile
Invalid account number format for {0}
Invalid arguments format
Invalid birth date
Invalid birth date format
Invalid campaign specified
Invalid chapter specified
Invalid color format for {0}. Please use hex format like #ff0000
Invalid company IBAN: {0}
Invalid context data
Invalid currency specified
Invalid days_back value - must be a number
Invalid decision. Must be 'approved' or 'rejected'
Invalid email address
Invalid email address: {0}
Invalid email addresses: {0}
Invalid email template specified
Invalid error category: {0}
Invalid expense data provided
Invalid filters: {0}
Invalid fund designation: {0}
Invalid input data provided
Invalid invoice index
Invalid invoice name provided
Invalid member ID provided
Invalid member parameter provided
Invalid member reference
Invalid member selected
Invalid membership dues schedule
Invalid membership type selected
Invalid module path
Invalid next payment date format: {0}
Invalid operation: {0}
Invalid pattern configuration
Invalid payment link. Please contact support.
Invalid payment method: {0}
Invalid payment reference. Please check your payment confirmation email.
Invalid phone number format for {0}
Invalid postal code format for {0}
Invalid proficiency level format
Invalid project specified
Invalid recipient type
Invalid regional email address
Invalid report type
Invalid subscription status transition from '{0}' to '{1}'
Invalid subscription status: {0}. Valid values: {1}
Invalid website URL for member {0}
Invalid website URL format
Invalid: BSN cannot be all the same digit
Invalid: BSN must be exactly 9 digits (currently {0})
Invoice
Invoice Creation
Invoice Date
Invoice Days Before Due
Invoice Generated
Invoice Generation Failed
Invoice Information
Invoice Print Format
Invoice not found: {0}
Invoice parameter is required
Invoice {0} already fully paid. Total allocated: {1}, Invoice total: {2}
Invoice {0} has been generated successfully. Would you like to view it now?
Invoice {0} not found or has no total amount
Invoices
Invoices:
Invoicing & Communications
Is Active
Is Chapter Chair
Is Current
Is Default
Is Public
Is Team Leader
Is Template
Is Unique Role
Issues
Issues Found
Issues to resolve
Item deleted successfully
Item {0} created for membership type
Item {0} is missing volunteer information
JSON array of batch processing results and status
JSON array of failed record identifiers for retry processing
JSON configuration for batch optimization parameters
January
Join Chapter - {0}
Join our association and become part of our community dedicated to making a positive impact!
Join our association and become part of our community!
Join our association with flexible contribution options that work for your budget!
Join our volunteer community and make a difference
Join request approved successfully
Join request rejected
Join request rejected successfully
Join this chapter
Joined
Journal Entries
July
June
Justification
Key Insights
Key Metrics
Key Responsibilities
Keyboard Shortcuts
Last 30 Days
Last 30 days
Last 4 digits only for verification purposes
Last 90 Days
Last Assigned Member ID
Last Batch Creation Run
Last Checked
Last Donation
Last Donation Date
Last Duration Update
Last Error
Last Error Message
Last Failure Date
Last Failure Message
Last Failure Reason
Last Generated Invoice
Last Invoice
Last Invoice Coverage End
Last Invoice Coverage Start
Last Invoice Date
Last Login
Last Member History Refresh
Last Membership End
Last Membership ID
Last Membership Status
Last Membership Type
Last Name
Last Optimization Check
Last Payment
Last Payment Date
Last Reminder Sent
Last Retry At
Last Retry Date
Last Retry Time
Last Sync
Last Triggered
Last Updated
Last Year
Last date for filing appeals
Last name contains invalid characters
Last name is required
Last staged
Last time address fingerprint was updated
Last time customer data was synchronized
Last time the membership duration was calculated
Last updated
Latest transaction date in the MT940 file
Lead Source
Leader
Leadership
Leadership Skills
Leave Reason
Leave blank for all chapters
Leave blank for non-member donors
Leave blank for open-ended mandates
Leave empty if currently active
Leave empty to keep existing values
Leave empty to send to all chapters
Left on {0}
Legal Notice
Legal name of the account holder as registered with the bank. This name will appear on member bank statements.
Less Than
Level
Lifetime
Lifetime (ANBI)
Line {0}: Amount cannot exceed €5,000 per expense
Line {0}: Amount must be greater than 0
Line {0}: Chapter selection is required for chapter expenses
Line {0}: Description is too long (maximum 200 characters)
Line {0}: Expense date cannot be in the future
Line {0}: Expense date is too old (older than 1 year)
Line {0}: File size too large (maximum 7.5MB)
Line {0}: Invalid amount format
Line {0}: Invalid date format
Line {0}: Invalid expense category
Line {0}: Invalid file type. Allowed: PDF, JPG, PNG, GIF, BMP
Line {0}: Team selection is required for team expenses
Line {0}: {1} is required
Link
Link Donation
Link Donation to Agreement
Link Record Name
Link members to membership types in
Link to 5-year periodic donation agreement for full tax deductibility
Link to ERPNext Employee record for expense claims and HR operations
Link to a Project for tracking campaign activities, expenses, and tasks (optional)
Link to specific fundraising campaign
Link to the SEPA batch containing this usage
Link to the corresponding ERPNext Expense Claim record
Linked Donations
Linked Employee record for expense management
Linked existing user account to member
Linked to existing user {0}
Links
List
List of postal code patterns separated by commas (e.g. 1000-1099, 2500, 3*)
Live API key from Mollie Dashboard (starts with live_) - only used when Test Mode is unchecked
Live API key required for production mode
Live Dashboard
Live Key Available
Live Key Warning
Live Mode Active - Real transactions will be processed
Live Mode is active. Live API key will be used for real transactions.
Live Secret Key is required when Test Mode is disabled
Live Webhook Secret Key
Live Webhook URL
Live keys should start with "live_". Please verify this is the correct key.
Load Invoices
Load Unpaid Invoices
Loaded {0} invoices
Loading applications...
Loading assignments...
Loading configuration status...
Loading data...
Loading eligible invoices...
Loading health report...
Loading membership types...
Loading skills data...
Loading staged data...
Loading volunteer history...
Loading...
Local Chapter
Local Chapters
Log out
Logistics
Logo & Branding
Logo → App logo in Frappe desk
Lost Members
Low
Low Risk
MCR-.####
MEMBER-IMPORT-.YYYY.-
MT940 File
MT940 File Import
MT940 Import
MT940 is a standard format for electronic bank statements used by banks worldwide. It contains:
MT940-IMPORT-.YYYY.-
Mail
Main brand color used for buttons, headers, and key interface elements
Major Donor
Make Another Donation
Make Donation
Make a Donation
Make a New Donation
Make this donation anonymous
Manage Board Members
Manage Board Role Profiles
Manage Brand Settings
Manage Donations
Manage Email Groups
Manage Members:
Manage Payment Details
Manage Role Profiles
Manage Your Donations
Manage bank details and payment methods
Manage email groups and synchronization for newsletters
Manage payment methods and SEPA Direct Debit
Manage your account preferences and security
Manage your membership dues and payment schedule
Manage your membership, update your details, and access member services
Manage your personal information and preferences
Manage your volunteer activities and assignments
Manage your volunteer profile and information
Mandate Creation
Mandate Details
Mandate History
Mandate ID {0} already exists
Mandate ID {0} already exists. Please use a different reference.
Mandate ID: {0}
Mandate Reference
Mandate Sign Date
Mandate Status
Mandate Type
Mandate Update
Mandate Usage Statistics
Mandate Validation
Mandate has expired
Mandate sign date cannot be in the future
Mandates will be cancelled after this collection
Mandates will not be reusable after this collection
Manual
Manual Execution
Manual Payment Received
Manual Setup
Manual payment method
Map Account Types
Mapping added successfully
Mapping removed
Mapping updated successfully
March
Mark Batch as Processed
Mark Compliance Verified
Mark Resolved
Mark as Paid
Mark as Processed
Mark as Reimbursed
Mark as Resolved
Mark when compliance has been verified
Mark {0} entries as compliance verified?
Max Amount per Batch (€)
Max Fee Adjustments Per Year
Max Invoices per Batch
Max Retries
Maximum Amount
Maximum Collection Amount
Maximum Fee Multiplier
Maximum Invoices
Maximum Rate Change Percent
Maximum Reasonable Dues Rate
Maximum allowed rate change percentage between consecutive invoices (e.g., 200 allows up to 200% change)
Maximum amount per collection
Maximum fee via this form is €%.2f
Maximum multiplier for membership fee contributions (e.g., 10 allows up to 10x the base membership fee)
Maximum number of fee adjustments a member can make per year through the member portal
Maximum reasonable dues rate to prevent obviously incorrect entries (e.g., €10,000 per year)
Maximum retry attempts exceeded ({0})
Maximum retry attempts reached. Payment escalated.
Maximum {0} postal code patterns allowed
May
Medium
Medium Risk
Meeting
Meetup Embed HTML
Member
Member & Mandate Details
Member Actions
Member Age Groups
Member CSV Import
Member Contact Email
Member Contact Request
Member Count
Member Count Growth
Member Dashboard
Member Details
Member Directory
Member Directory - {0}
Member Email
Member Engagement
Member Fee Change History
Member Growth Forecast
Member Growth Trend
Member IBAN History
Member ID
Member ID Management
Member ID Migration Tools
Member ID Starting Number
Member ID Statistics
Member ID assigned successfully
Member ID counter reset to {0}
Member ID counter updated to {0} based on Verenigingen Settings
Member ID force assigned successfully: {0}
Member ID is required
Member ID {0} assigned successfully
Member ID {0} assigned successfully to {1}
Member ID {0} is already in use
Member Information
Member List
Member Name
Member Payment History
Member Portal
Member Portal Statistics
Member Pronoun Distribution
Member Record Not Found
Member Resources
Member SEPA Mandate Link
Member Segmentation
Member Setup
Member Since
Member Since (From Date)
Member Since (To Date)
Member Status
Member Status Distribution
Member Suspended
Member Volunteer Expenses
Member added successfully
Member already has ID: {0}
Member already has a member ID: {0}
Member already has an ID or doesn't qualify for one
Member already has an active SEPA mandate
Member already has an active membership. Cancel the existing membership before creating a new one.
Member and Chapter are required
Member and IBAN are required
Member and amount are required
Member approved successfully
Member created successfully with performance optimizations
Member creation failed
Member disabled
Member does not exist
Member does not have an IBAN
Member email is required for billing notifications
Member enabled
Member information updated
Member is active and in good standing
Member is already active in this chapter
Member is already assigned to {0}
Member is already in this chapter
Member is already terminated or suspended
Member is not an active member of this chapter
Member is not in this chapter
Member is required
Member is under 18 - may require parental consent
Member list exported successfully
Member marked as paid
Member must be at least {min_age} years old (current age: {age:.1f})
Member must have a customer record
Member must have a customer to be added to direct debit batch
Member must have a linked customer for payment processing
Member must have an email address for account creation
Member must have bank details to be added to direct debit batch
Member name is required
Member name must be a string
Member needs comprehensive health check for dues schedule reconstruction
Member not found
Member not found: {0}
Member of {0}
Member parameter is required
Member payment method must be SEPA Direct Debit
Member re-enabled successfully
Member record exists but cannot be accessed
Member record not found
Member removed from chapter
Member removed permanently
Member request approved successfully
Member request is not pending approval
Member request rejected successfully
Member since
Member statuses synchronized
Member successfully assigned to {0}
Member successfully assigned to {0}. Previous memberships and board roles have been ended.
Member was already in {0}. Board roles have been ended.
Member was already in {0}. Other chapter memberships and board roles have been ended.
Member {0} already has an active dues schedule. Please resolve the existing schedule first.
Member {0} already has an active membership. Please cancel or terminate the existing membership first.
Member {0} already has invoices for period {1} to {2}. Found {3} overlapping invoice(s): {4}
Member {0} does not exist
Member {0} does not exist in database
Member {0} has a membership with SEPA Direct Debit payment method but no active SEPA mandate.
Member {0} is not active (status: {1})
Member {0} not found
Member {0} requested to join chapter
Member {0} requested to rejoin chapter
Member's payment method is not SEPA Direct Debit
Member's previous chapter before current assignment
Member, IBAN, and Mandate ID are required
Member: {0} ({1})
Members
Members Created
Members Missing Schedules (Preview)
Members Skipped
Members Updated
Members Without Active Memberships
Members Without Chapter
Members Without Dues Schedule
Members Without Dues Schedules
Members Without Schedule
Members by Status
Members with Chapter Suggestions
Members with Overdue Payments
Members: {0} active of {1} total
Membership
Membership & Dues
Membership Amendment Request Rejected
Membership Analytics
Membership Analytics Dashboard
Membership Analytics Snapshot
Membership Application
Membership Application Approved - Payment Required
Membership Application Received
Membership Application Review
Membership Application Status
Membership Application Update
Membership Application Workflow Demo
Membership Application Workflow not found. Please contact administrator.
Membership Data
Membership Details
Membership Dues Coverage Analysis
Membership Dues Schedule
Membership Fee Adjustment
Membership Fee Details
Membership Fee Summary
Membership Goal
Membership ID
Membership List
Membership Payment To
Membership Period
Membership Print Format
Membership Question
Membership Renewal
Membership Revenue Projection
Membership Services
Membership Settings
Membership Start
Membership Status
Membership Terminated
Membership Termination Request
Membership Tier
Membership Type
Membership Type Breakdown
Membership Type Change
Membership Type Name
Membership Type {0} does not exist
Membership Type {0} is inactive
Membership Type {0} is not active
Membership Types
Membership Webhook Secret
Membership cannot be cancelled before 1 year from start date
Membership dues and payment notices
Membership dues schedule does not belong to selected member
Membership fee adjustment must be between 0.1 and 2.0
Membership fee override applied successfully
Membership fee override must be greater than 0
Membership has no unpaid amount
Membership is required
Membership must have a dues schedule to add to direct debit batch
Membership termination executed successfully
Membership termination executed with {0} warnings. Check logs for details.
Membership {0} has been cancelled
Memberships
Mentoring
Message
Message (Optional)
Message from {0} Chapter
Message is required
Method
Method is not properly whitelisted and not in allowed methods list - see error log for details
Method not allowed for security reasons
Method {0} not allowed. Allowed methods: {1}. Debug: {2}
Metric
Metric Value
Middle Name
Middle Name(s)
Middle Names
Middle name contains invalid characters
Migration Dashboard
Migration Error
Migration Failed
Migration Impact Summary
Migration Name is required
Migration Tools
Migration completed successfully. You can now use the Post-Migration tools to:<br>• Map account types for proper ERPNext functionality<br>• Fix any Receivable/Payable entries missing party information<br>• View detailed migration history<br><br>You can also run additional migrations if needed.
Migration failed. Check the error log for details. You can reset to Draft to try again.
Migration failed: {0}
Migration is currently running. Progress will be updated automatically.
Migration reset to Draft status
Migration started successfully
Migration started successfully!
Migrations
Mijnrood CSV Import
Min Invoices per Batch
Minimum Allowed
Minimum Amount
Minimum Annual Amount
Minimum Days Overdue
Minimum Donation Amount
Minimum Level
Minimum Membership Age
Minimum Pricing
Minimum Senior Age
Minimum Student Age
Minimum Volunteer Age
Minimum Voting Age
Minimum Youth Age
Minimum age for senior membership benefits
Minimum age for student membership types
Minimum age for youth membership categories
Minimum age required for membership eligibility
Minimum age required for volunteer activities
Minimum age required for voting in organizational matters
Minimum allowable amount for this membership type. Templates cannot set amounts below this floor.
Minimum amount cannot be negative
Minimum amount is {0}
Minimum contribution is €10. Suggested amount is €25.
Minimum donation amount required to trigger automatic donor creation. Set to 0 to create donors for any amount.
Minimum donation amount to automatically mark as reportable to Belastingdienst
Minimum fee is €%.2f
Minimum number of payment history failures to trigger alert notifications
Minimum:
Miscellaneous
Missed
Missing Required Fields
Missing SEPA configuration: {0}
Missing Schedules
Missing required field: {0}
Missing required fields in Member SEPA Mandate Link: {0}
Missing {0} in accounting configuration
Mobile Number
Mobile or landline number for important communications
Mode of Payment
Modified
Modify your membership contribution amount
Mollie
Mollie API Live Secret Key
Mollie API Test Secret Key
Mollie API key not configured
Mollie API keys do not support automatic rotation. Please rotate keys manually through the Mollie dashboard.
Mollie Audit Log
Mollie Backend API is not enabled. Please enable it in Mollie Settings.
Mollie Bank Account
Mollie Bulk Import
Mollie Clearing Account
Mollie Customer ID
Mollie Dashboard
Mollie Documentation
Mollie Import Settings
Mollie Integration
Mollie Mandate ID
Mollie Payment ID
Mollie Payment Test
Mollie Profile ID
Mollie Profile ID should start with "pfl_" followed by 10 characters (e.g., pfl_v9hTwCuEmJ)
Mollie Python library not installed. Please run: pip install mollie-api-python
Mollie Settings
Mollie Settings not configured
Mollie Subscription
Mollie Subscription ID
Mollie Subscription Status:
Mollie connection test failed: {0}
Mollie connection test successful
Mollie credentials validated successfully
Mollie customer ID for recurring payments and customer management
Mollie data validation failed: {0}
Mollie gateway '{0}' not configured: {1}
Mollie mandate ID for SEPA direct debit authorization
Mollie subscription ID for recurring donation tracking
Mollie subscription update not available. Please contact support.
Mollie {0} secret key not configured
Mon
Monday-Friday 9:00-17:00
Monetary Goal
Monetary Progress
Monetary goal must be positive
Monitor Execution Time
Monitor Failure Rate
Monitor Version documents to ensure audit trails are functioning
Monitor migration status and system health
Monitoring
Month
Monthly
Monthly Amount
Monthly Breakdown
Monthly Contribution
Monthly Donation Trend
Monthly Net Income (€)
Monthly Revenue
Monthly/quarterly newsletters
Months
Most Active Changer
Most Active Chapter
Most Active Requester
Most Common Availability
Most Common Country
Most Common Skills
Mr.
Mr./Mrs.
Mrs.
Ms.
Multiple Chair Roles
Multiplier applied to suggested amount (e.g., 1.5 = 150% of suggested)
Multiplier for regional membership fee adjustments (1.0 = standard rate)
Mutation ID
My Account
My Addresses
My Chapter Requests
My Chapters
My Dues Schedule
My Profile
My Settings
My Teams
NET GROWTH
NL00 BANK 0000 0000 00
Name
Name and Region are required
Name as it appears on your bank account
Name of the bank account holder
Name or identifier of the entity being audited
Naming Series
Naming pattern for SEPA Mandate References (mandate_id) communicated to banks. Use Frappe naming series format with dots. Example: MANDATE-.YY.-.MM.-.####
National
National Board Chapter
National board membership required for non-policy national expenses
National chapter not configured in settings
National/General Work
Need Help?
Need attention
Need help or have a question? We're here to assist you!
Need help? Contact support through
Needs Health Check
Net Growth
Netherlands
Network Error
Network error during BSN validation. Please check your connection and try again.
Network error while updating tax identifiers. Please check your connection.
Network error. Please check your connection.
Networking
New
New Address
New Agreement
New Amount
New Billing Interval
New Chapter Join Request - {0}
New Counter Value
New Donation
New Dues Rate
New Dues Schedule
New Fee Amount
New Member Acquisition
New Members
New Memberships
New Migration
New Role
New Schedule
New member added to {0}
New member joined
New {0} Fee Amount
Newsletter Content
Newsletter Preview
Newsletter Sections
Newsletter Subscriptions Updated
Newsletter Title
Newsletter created: <a href="/app/newsletter/{0}">{0}</a>
Newsletter from {0} Chapter
Newsletter queued for {0} recipients
Newsletter sent to {0} recipients
Newsletter sent: '{0}' to {1} recipients
Next
Next 90 days
Next Billing Period End
Next Billing Period Start
Next Collection Date
Next Expected
Next Expected Donation
Next Invoice Date
Next Invoice Due
Next Member ID
Next Payment
Next Payment Date
Next Payment Request
Next Payment:
Next Retry
Next Retry Date
Next Retry Time
Next Steps
Next Year
Next payment date {0} is in the past for active subscription
Next payment:
Next retry scheduled for
Next scheduled invoice date from the dues schedule
No
No Active Membership
No Active Schedule
No Active Teams
No Approval Required
No CRM Lead linked to create opportunity from
No CRM Lead linked to this contact request
No Change
No Chapters Found
No Donation Type found. Please create at least one Donation Type before accepting donations.
No Dues Schedule
No Mappings Selected
No Membership
No SEPA Mandate
No SEPA mandates found
No Skills Found
No Subject
No Team Members
No Team Memberships
No Tracking
No active Mollie subscription found
No active SEPA mandate
No active SEPA mandate found
No active SEPA mandate found for this IBAN. Would you like to create one?
No active assignments
No active board members found
No active board members with email addresses found
No active board positions found
No active chapter roles found. Please create roles first.
No active dues schedule found
No active dues schedules found
No active membership found
No active membership found for creating dues schedule
No active membership found for this member
No active membership found. Cannot process fee adjustment.
No active memberships found
No active payment method
No active schedule
No active subscription found for this member
No address added yet.
No address found for your account.
No address on file
No address on file. Please add your address below.
No agreements expiring in the next 90 days
No application found. Please check your email or contact support.
No applications to process
No automatic actions selected
No available members found to add to this chapter
No batches would be created with current configuration
No board history found
No board members selected
No board members were updated. Please check your chapter configuration.
No board role-specific profiles configured
No campaigns available. Enter a custom reference.
No category data available
No change from last month
No changes detected
No changes detected. Please modify your address information or cancel.
No changes to update
No changes were made as the requested amount is the same as your current fee.
No chapter members with email addresses found
No chapters found
No communications found
No company configured in the system. Please contact the administrator.
No company configured. Cannot create departments.
No contributors data available
No data available
No data to export
No default board role profile configured
No default role profile configured
No donor record linked to this member.
No due date
No eligible dues schedules found for collection
No eligible invoices found for direct debit
No email addresses found for the selected recipients
No email groups found. Click "Create Initial Groups" to set up.
No executed termination request found for this expulsion
No expenses yet
No expulsion records found for the selected criteria
No goals set for this period
No high-risk members identified
No insights available
No invoices added to batch
No invoices provided for batch creation
No invoices to validate
No issues found to fix
No items selected for bulk operation
No main cost center found for company {0}
No mappings configured yet
No maximum deduction limit
No member emails found for this chapter.
No member record found
No member record found for your account
No member record found for your account. Please contact support if you believe this is an error.
No member record found for your account. You need to be a member to submit contact requests.
No members found in this chapter
No members require catch-up invoices.
No members to export
No members were updated. Please check your team configuration.
No membership data available
No membership request found
No membership type selected for this application
No membership types are currently available
No membership types available in the system. Please create a membership type first.
No new SEPA mandate created. The existing mandate will remain active.
No organizations assigned
No outstanding invoices found
No overdue payments found
No overdue payments to process
No payable account configured for company {0}. Please set default_payable_account in Company settings.
No payment found for the specified date
No payment history
No payment information available. Please refresh the page.
No payments found
No pending applications at this time.
No pending update found
No permission to access this donation
No permission to modify this membership
No postal code set for this member.
No potential issues detected. All schedules appear safe.
No recent activities
No recent activity
No recipients found for the selected audience
No recipients found for this segment
No recipients match the selected criteria
No records found
No rejection email templates found. Would you like to create default templates?
No retry requests to process
No role-specific profiles configured
No skills data available
No skills or interests recorded
No skills recorded
No stuck jobs found
No suggestion available
No suitable account found for payment processing fees. Please configure payment_processing_fees_account in Mollie Settings.
No sync operations performed yet.
No termination history found for this member.
No termination requests found.
No unlinked donations found for this donor
No unpaid invoices found for this membership
No unpaid invoices found matching criteria
No upcoming events
No upcoming payments
No valid invoice names found
No volunteer record found
No volunteer record found for your account
No volunteer record found for your account. Please contact your chapter administrator to create a volunteer profile before submitting expenses.
No volunteer record found for your account. Please contact your chapter administrator.
No volunteer record found for your account. You have a member record ({0}) but no linked volunteer record. Please contact your chapter administrator to create a volunteer profile.
No volunteer record found for your account. Your email ({0}) is not associated with any member or volunteer record. Please contact your chapter administrator.
No volunteer skills have been recorded yet.
No volunteers found
No volunteers found matching your search criteria.
Non-SEPA
Non-financial users should not access payment/mandate information
Non-payment
None
Normal
Normalized Address Line
Normalized City
Normalized address line for consistent matching
Normalized city name for consistent matching
Not Found
Not Set
Not a Volunteer Yet
Not permitted
Not scheduled
Not set
Not specified
Not staged
Notarial
Notarial deed not required for agreements up to €5,000/year
Note:
Note: Although this is a lifetime membership, a 1-year minimum commitment period still applies.
Note: Daily membership type has minimum 1-year period enforced.
Note: Member has no IBAN configured. They will need to add payment details before SEPA collection can begin.
Note: Membership type has a period less than 1 year. Due to the mandatory minimum period, the renewal date is set to 1 year from start date.
Notes
Notes (optional)
Notes and Additional Information
Notes and Communications
Notice of Disciplinary Procedure
Notice:
Notification
Notification Preferences
Notification Recipients
Notification Sending
Notification recipients are required when alert on execution is enabled
Notifications & Reminders
Notifications sent to {0} chapters
November
Number of Donations
Number of Donors Goal
Number of Installments
Number of consecutive invoice generation failures
Number of days to automatically extend membership grace periods
Number of installments must be between 2 and 12
Number of installments must be greater than 0
Number of units for custom frequency (e.g., 2 for every 2 months)
OAuth access token for Mollie organization API
OK
OOFF
OUTSIDE_SCOPE
Objectives
Occasional
Occasional (Few times a year)
Occupation
Occupation/Job Title
October
Old member ID system detected. Consider running migration. Type migrate_member_id_system() in console.
Oldest Invoice Date
On Hold
On Leave
Onboarding
Once installed, your brand settings will automatically sync
Once payment is confirmed, you'll receive a welcome email with your member portal access.
One-off collection - Single payment only
One-time
One-time donation
Ongoing
Online Payment
Only CSV and Excel files are allowed. File: {0}
Only Periodic Agreements
Only Reportable
Only System Managers and Verenigingen Administrators can run this migration
Only System Managers and Verenigingen Managers can manually assign member IDs
Only System Managers can access audit logs
Only System Managers can access audit statistics
Only System Managers can access framework status
Only System Managers can access security analysis
Only System Managers can access security profile analysis
Only System Managers can apply performance optimizations
Only System Managers can change member IDs
Only System Managers can clear rate limits
Only System Managers can force assign member IDs
Only System Managers can generate implementation code
Only System Managers can generate migration reports
Only System Managers can perform API classification
Only System Managers can reset the member ID counter
Only System Managers can run audit tests
Only System Managers can run performance analysis
Only active members can request to join chapters
Only approved amendments can be applied
Only approved requests can be executed
Only draft requests can be submitted for approval
Only failed requests can be retried
Only pending amendments can be approved
Only pending amendments can be rejected
Only pending or draft requests can be approved/rejected
Only pending requests can be approved
Only pending requests can be rejected
Only system managers can force memory cleanup
Only system managers can force release locks
Only system managers can reset circuit breakers
Only system managers can schedule reports
Only system managers can test Zabbix integration
Only system managers can test the alert system
Only system managers can toggle security integration
Only team members can view member lists
Open
Open ERPNext Expense Claims
Open Settings
Opening Balance Import Complete
Opening Balance Preview
Opening message for the newsletter
Operation Details
Operation ID
Operation Name
Operation Name is required
Operation Name should contain only letters, numbers, underscores, hyphens, and dots
Operation Type
Operation failed after retries
Operation type and status are required for audit compliance
Operation type is required for all retry operations
Operational Team
Operations
Opportunity already exists for this contact request
Opportunity created successfully
Opt out of newsletters and optional organizational emails. Note: Legal communications such as AGM invitations cannot be opted out.
Opt-out of Optional Communications
Opt-out of optional organizational emails
Optimization Completion Date
Optimization Details
Optimization Name
Optimization Settings
Optimization Status
Optional
Optional - helps us provide age-appropriate services
Optional Communications
Optional description for this board role profile assignment
Optional description for this role profile assignment
Optional information to help us process your membership
Optional note explaining the reason for this assignment
Optional notes about the approval
Optional notes about this approval
Optional notes about this mandate
Optional notes for the approval
Optional personalized message to include in welcome email
Optional reason for this action
Optional: Filter by membership type
Organization
Organization ANBI status is not configured in system settings. Please contact administrator to configure ANBI registration status.
Organization Access Token
Organization Access Token is not configured. Please configure it in Mollie Settings.
Organization Access Token not configured. Please configure it in Mollie Settings for backend API access.
Organization Details
Organization Donors
Organization Email
Organization Email Domain
Organization ID
Organization Logo
Organization Newsletter
Organization Settings
Organization Type
Organization does not have valid ANBI registration. ANBI tax benefits cannot be offered.
Organization donors require valid RSIN (Organization Tax Number) for ANBI agreements
Organization name as it should appear in member notifications
Organizational
Organizational Skills
Organizations
Organize volunteers in
Original Amount
Original Error
Original webhook data for debugging and replay testing
Orphaned Member References
Orphaned Membership Types
Orphaned Subscriptions Report
Other
Other Attributes
Other Members at This Address
Other Purpose Description
Other Restricted Donation Account
Other chapters in {0} use postal codes: {1}
Our Story
Our suggested contribution is 0.5% of your monthly net income. This helps ensure fair and equitable contributions based on your financial capacity.
Outstanding
Outstanding Amount
Outstanding: {0}
Over €100,000
Overall Experience Level
Overdue
Overdue (>14 days)
Overdue Amount
Overdue Applications
Overdue Invoices
Overdue Issues (1-14 days)
Overdue Only
Overdue Only (>14 days)
Overdue reminders sent
Overlapping Membership
Override Membership Fee
Overview
Overview of tax-deductible donations and periodic agreements
Overwrite if exists
Owl Theme
Owl Theme Detected
Owl Theme Integration
Owl Theme Integration Status
Owl Theme Not Detected
PAY-PLAN-.YYYY.-.MM.-.#####
PDF
PDF generation to be implemented
PDF generation will be implemented in Phase 3
PHQ-
PROJECTED REVENUE
Paid
Paid Amount
Paid This Year
Parameter 'enabled' is required
Parameter 'enabled' must be a boolean value (true/false, 1/0, yes/no)
Parent Category
Parent Chapter
Parent category cannot be the same as the category itself
Parental consent required for members under {min_age}
Parsed {0} groups with {1} cost center suggestions
Partially Fulfilled
Partially Paid
Partially Processed
Passed
Past Assignments
Paused
Pay in cash at our office or events
Pay online with iDEAL, credit card, or other methods
Pay with
Pay {0}
Payment
Payment - {0}
Payment Account
Payment Amount per Period
Payment Calendar
Payment Cancelled
Payment Dashboard
Payment Date
Payment Details
Payment Entry
Payment Entry or Journal Entry that triggered auto-creation
Payment Failed
Payment Failed - Action Required
Payment Failure Rate
Payment Frequency
Payment History
Payment History Failure Threshold
Payment History Update Queue
Payment ID
Payment ID is required for payment method: {0}
Payment ID is required for refunds
Payment Information
Payment Installments
Payment Interval
Payment Method
Payment Method Performance
Payment Method:
Payment Methods
Payment Overdue - Payment Plan {0}
Payment Overview
Payment Pending
Payment Plan
Payment Plan Installment
Payment Plans
Payment Processing
Payment Processing Fees Account
Payment Received
Payment Received - Donation {{donation_id}}
Payment Received - Payment Plan {0}
Payment Received - Thank You
Payment Reference
Payment Reminder
Payment Reminder - Membership Fees
Payment Reminder - Multiple Outstanding Invoices
Payment Reminder Frequency
Payment Retry
Payment Retry Scheduled - {0}
Payment Schedule
Payment Schedule Calendar
Payment Setup
Payment Status
Payment Status Unknown
Payment Successful!
Payment Terms Template
Payment Timeline
Payment Tracking
Payment URL not available
Payment URL not available. Please try again.
Payment amount {0} would exceed invoice total. Already allocated: {1}, Invoice total: {2}
Payment can only be processed for approved applications
Payment cancelled
Payment completed
Payment completed successfully
Payment completed successfully!
Payment confirmation email sent successfully
Payment created successfully
Payment creation failed
Payment error
Payment failed
Payment failed. Please try again.
Payment frequency is required for equal installments
Payment gateway configuration error. Please contact support.
Payment has already been fully refunded
Payment history
Payment history exported successfully
Payment is being processed
Payment is being processed. You will receive confirmation shortly.
Payment link expires
Payment method
Payment method changed to SEPA Direct Debit
Payment method not yet implemented
Payment method updated to SEPA Direct Debit
Payment not yet completed
Payment of {0} received
Payment plan approved successfully
Payment plan is not pending approval
Payment plan rejected
Payment plan request submitted successfully. You will be notified once reviewed.
Payment plan requires approval before activation
Payment processed successfully
Payment processing failed. Please try again.
Payment processing...
Payment provider temporarily unavailable
Payment recorded successfully
Payment recording interface would open here
Payment reminders (3 days before due)
Payment reminders sent successfully
Payment retry initiated
Payment retry scheduled for {0}
Payment setup failed
Payment setup failed. Please try again or contact support.
Payment setup failed. Please try again.
Payment setup temporarily unavailable
Payment status cannot be checked automatically for this payment method
Payment sync from legacy system is deprecated. Use dues schedule system instead.
Payment was cancelled. Click "Try Again" to create a new payment.
Payments
Payments Up to Date
Pending
Pending Amendments: {0}
Pending Amount
Pending Applications
Pending Approval
Pending Balance
Pending Membership Applications
Pending Requests
Pending Review
Pending Senior Approval
Pending Verification
Pending application not found
Percentage of donation deductible from taxes (100% for ANBI periodic agreements)
Percentage of goal achieved
Performance Optimization Setup
Performance Options
Performance Summary
Performance statistics retrieved
Performance stats retrieval failed
Performance tests completed: {0}/{1} passed
Performance tests failed
Period
Period:
Periodic Donation Agreement
Periodic Donation Agreement - Next Steps
Periodic Donation Agreement Cancelled - {0}
Periodic Donation Agreement Confirmation - {0}
Periodic Donation Agreement Expiring Soon - {0}
Periodic Donation Agreement Item
Periodic Donation Agreement Submitted - {0}
Periodic Donation Agreement donor must match donation donor
Periodic Donation Agreement is required for recurring donations
Periodic Donation Agreement must be active
Periodic donation agreement created successfully
Periodically test guest access to verify data protection
Permission Denied
Permission Settings
Permission check failed
Permission to use photos taken at events in newsletters, website, and social media
Permissions Level
Personal Details
Personal Email
Personal Info
Personal Information
Phone
Phone Number
Phone number is optional
Phone number is required when phone is the preferred contact method
Photography
Pipeline Stage
Plan Change
Plan Details
Plan ID
Plan Type
Please Confirm Your Changes
Please accept all terms and conditions
Please accept the privacy policy
Please accept the terms and conditions
Please bring cash to our office or pay at events
Please bring the cash to our office or pay at our next event
Please check your postal code patterns
Please configure the REST API token in E-Boekhouden Settings first.
Please confirm the bulk process
Please confirm the generation of catch-up invoices.
Please confirm you understand this action
Please confirm you understand this action cannot be undone
Please correct the errors before proceeding.
Please enter a valid IBAN
Please enter a valid amount
Please enter a valid amount above the minimum
Please enter a valid birth date
Please enter a valid email address
Please enter a valid numeric amount
Please enter a valid phone number
Please enter a valid postal code
Please enter a value to reset the counter to
Please enter account group mappings first.
Please enter both first name and last name
Please enter the account holder name
Please enter your API token first.
Please explain why you want to adjust your membership fee...
Please fill all required fields
Please fill in all required fields
Please fill the following fields before activating: {0}
Please include the payment reference in your transfer description.
Please log in to access this feature
Please log in to submit expenses
Please login
Please login to access the expense claim form
Please login to access the member portal
Please login to access the volunteer dashboard
Please login to access the volunteer expense portal
Please login to access this page
Please login to access volunteer information
Please login to access your account
Please login to access your dashboard
Please login to access your volunteer profile
Please login to create a periodic donation agreement
Please login to join a chapter
Please login to view dashboard
Please provide a reason for rejecting this request
Please provide a reason for rejection
Please provide a reason for the adjustment
Please provide a reason for the amendment
Please provide a reason for the change
Please provide a reason for the fee adjustment
Please provide a reason for the fee override
Please provide a reason for the membership type change
Please provide as much detail as possible to help us assist you better.
Please provide both account code and type
Please review your address information below and confirm that it is correct:
Please review your information before submitting.
Please run "Setup Chart of Accounts" first. No E-Boekhouden accounts found.
Please save the chapter first
Please save the document first
Please save the member record first.
Please save the team first
Please save this for your records.
Please select a Chapter when Organization Type is Chapter
Please select a Donor
Please select a Team when Organization Type is Team
Please select a bank account and upload an MT940 file first.
Please select a chapter
Please select a company before importing opening balances.
Please select a company before importing transactions.
Please select a company before setting up the Chart of Accounts.
Please select a company for the migration.
Please select a file to import
Please select a membership type
Please select a migration type before starting.
Please select a payment method
Please select a team
Please select a team/commission
Please select a valid image file
Please select an expense type
Please select approved termination requests to process
Please select at least one account type mapping before previewing.
Please select at least one board member
Please select at least one member
Please select both from and to dates.
Please select exactly one member to view coverage timeline.
Please select expulsion entries to verify
Please select mappings to edit
Please select or enter a valid amount
Please select requests to approve
Please select suggestions to apply
Please select termination requests to process
Please specify the requested amount
Please specify your preferred pronouns
Please specify your pronouns
Please submit the batch before generating SEPA file
Please transfer the amount to our bank account
Please transfer the donation amount to our bank account
Please transfer the exact amount and include the reference number
Please try a single donation instead or contact support
Please try again
Please try again later or use a different payment method
Please try again or contact support
Please upload a valid image file (JPG, PNG, GIF)
Please upload or select a CSV file to begin.
Please verify birth date - age {age:.1f} years seems unrealistic
Please verify birth date - applicant would be over 100 years old
Please verify birth date - member would be over 100 years old
Pledge
Pledge Amount
Pledge Date
Pledge History
Pledge Status
Pledges (1-4 years)
Policy Covered
Policy Violation
Portal
Post-Configuration Validation
Post-Migration
Postal Code
Postal Code Debug
Postal Code Patterns
Postal Codes
Postal code is required
Postal code pattern '{0}' may not be valid
Postal code updated. You may want to assign a chapter based on this location.
Predictive Analytics
Prefer not to say
Preferences
Preferred Batch Size
Preferred Communication Method
Preferred Contact Method
Preferred Contact Time
Preferred Language
Preferred Name
Preferred Payment Method
Preferred Pronouns
Preferred Work Style
Preferred pronouns
Preferred pronouns (e.g., She/her, He/him, They/them, or specify your own)
Present
Prevention Check
Preview
Preview Batches
Preview Changes
Preview Cost Center Creation
Preview Data
Preview Failed
Preview Impact
Preview Migration
Preview Mode (shows what would be created without making changes)
Preview Recipients
Preview Results
Preview email for {0} recipients?
Preview:
Previous
Previous Chapter
Previous Dues Rate
Previous chapter memberships and board roles have been ended
Previous mandate has been marked as replaced.
Primary
Primary Background Color
Primary Color
Primary Dark Shade
Primary Text Color
Primary address
Primary background color
Primary colors → Button and navbar colors
Primary contact email and account login
Primary contact number (mobile or landline)
Primary text color
Print
Priority
Privacy & Data Protection
Privacy Policy
Privacy Preferences
Private
Private Written
Private use
Problems Only
Process
Process Details
Process Import
Process Outstanding Invoices
Process Payment
Process Payments
Process Return File
Process Returns
Process Selected Members
Process Type
Process outstanding invoices
Processed
Processed At
Processed By
Processed Records
Processed {0} failed payments from SEPA return file
Processed {0} of {1} returns
Processed {0} termination requests
Processing
Processing Date
Processing Days
Processing Details
Processing MT940 file...
Processing Mollie bulk import...
Processing Notes
Processing Payments
Processing Rate (per minute)
Processing Result
Processing Result JSON
Processing Results
Processing SEPA Operations
Processing Started At
Processing Status
Processing data...
Processing file... Please wait.
Processing payment...
Processing...
Prof.
Proficiency Level
Proficiency level must be between 1 and 5
Profile
Profile ID Format
Profile ID is required for Mollie integration
Profile Image
Profile information not available
Profile updated
Program-Specific
Progress
Progress Tracking
Project
Project Funding
Project Management
Project Name
Project Optional
Project Required
Project Team
Project is required for account group {0}
Project is required when donation purpose is Project
Project with name '{0}' already exists
Project {0} is not valid for account group {1}
Project-Driven
Project-based
Projected Annual Revenue
Promised
Pronouns
Pronouns & Identity
Pronouns contain invalid characters
Provide Resolution
Public
Public Membership Form
Public Speaking
Published
Purchase Invoices
Purpose
Purpose Type
Quality Check Failed
Quarter
Quarterly
Queries Executed
Questions about your dues schedule or payment options?
Queue for Processing
Queued
Quick Actions
Quick Links
Quick Select
Quick Selection
Quick Setup with Test Data
Quick amounts
Quit
RCUR
REST API Error
REST API Fetch Complete
REST API Fetch Failed
REST API Not Configured
REST API authentication failed
REST API transaction import started! This may take several minutes.
RSIN (Organization Tax Number)
RSIN must be 8 or 9 digits
RSIN tax number for organizations (encrypted)
Range: {0} to {1}
Rate Limit - Max Calls
Rate Limit - Period (Seconds)
Rate Limit Exceeded
Rate Limit Key Pattern
Rate Limit Scope
Rate Limiting
Rate limit calls must be at least 1
Rate limit exceeded
Rate limit exceeded for {0}. Limit: {1} requests per {2} seconds. Current: {3}
Rate limit exceeded. Please try again later.
Rate limit period must be at least 60 seconds
Rate/Min
Raw Webhook Payload
Re-enable
Re-enabled member {0}
Reactivate
Reactivation
Ready
Ready for Import
Ready for processing
Ready to import in test mode (no records will be created). Review preview data below.
Ready to import! This will create actual member records. Review preview data below.
Ready to import. Review preview data below.
Ready to pay
Ready:
Real-time migration dashboard
Reason
Reason & Documentation
Reason (Optional)
Reason Code
Reason Message
Reason for
Reason for Adjustment
Reason for Amendment
Reason for Change
Reason for Manual Retry
Reason for Override
Reason for Payment Plan
Reason for Suspension
Reason for Unsuspension
Reason for chapter assignment/change
Reason for grace period or special status
Reason is required for disciplinary termination
Reason: {0}
Receipt
Receipt Attachment
Receipt Sent
Receipt downloaded successfully
Receipt/Invoice
Receipts will be automatically attached to your expense claim in ERPNext for administrator review.
Receive Newsletters
Receive Welcome Email
Recent Activities
Recent Activity
Recent Bulk Imports
Recent Chapter Changes
Recent Donations
Recent Expenses
Recent Invoices
Recipient
Recipient Type
Recipients
Recommendations
Reconciled
Reconciliation completed with warnings
Record Linking
Record Payments
Record Processing
Recurring
Recurring Donation Cancelled Successfully
Recurring Donations
Recurring Frequency
Recurring collection - Use for existing mandates
Recurring donation
Recurring donation amount updated by donor via portal: €{0} → €{1}
Recurring donation cancelled by donor via portal
Recurring donation cancelled successfully
Recurring donation updated successfully
Recurring donations help us plan better and have more impact
Recurring payment setup failed
Recurring payment setup temporarily unavailable
Redirecting to Mollie for payment...
Redirecting to Mollie for secure payment
Redirecting to Payment Provider
Redirecting to payment provider
Redirecting to setup recurring donation
Redirecting...
Reduce your fee if facing financial difficulties
Reference
Reference (Optional)
Reference DocType
Reference Document
Reference Name
Reference Number
Reference Type
Reference document {0} of type {1} does not exist
Reference number for tax-deductible donations under ANBI status
Reference numbers and additional transaction data
Reference to supporting documentation
Referer
Refresh
Refresh CSS
Refresh Data
Refresh Dues History
Refresh Dues Schedule History
Refresh Dues Schedule Summary
Refresh Fee Section
Refresh Membership & Dues Info
Refresh Progress
Refresh Report
Refresh Statistics
Refresh Status
Refresh this page to see the integration status
Refreshing financial history...
Refund amount must be positive
Refund created successfully
Refund creation returned invalid response
Refund processing temporarily unavailable
Refund request failed - please try again
Refunded
Regenerate Webhook Secret
Region
Region Code
Region Code is required
Region Code must be 2-5 uppercase letters or numbers
Region Code {0} already exists
Region Name
Region Name is required
Region is required
Regional Coordinator
Regional Coordinator {0} does not exist
Regional Email
Regional Management
Regional Phone
Regional Settings
Regular
Regular (Monthly)
Regular Donor
Regularly review User Permissions to ensure chapter isolation is maintained
Regulatory compliance gaps, inability to track changes for audit purposes
Reimbursed
Reimbursement
Reimbursement Details
Reject
Reject Amendment
Reject Application
Reject Chapter Join Request
Reject Expense
Reject Join Request
Reject Membership Application
Reject Request
Reject Selected
Rejected
Rejected Applications
Rejected membership request for {0} by {1}. Reason: {2}
Rejecting application...
Rejecting request...
Rejection Category
Rejection Reason
Related Bank Transactions
Related Customer
Related Member
Related Records
Related To
Related transaction not found
Relationship Type
Relevant Certifications
Reload
Remaining Balance
Reminder Type
Remote
Remove
Remove Selected
Remove current profile image
Remove item
Remove member from all teams
Renewal Date
Renewal Notification Sent
Renewal date cannot be before start date
Report Name
Report an Issue
Report generated on {0}
Report generated:
Reportable
Reportable to Belastingdienst
Reports sent to {0} coordinators
Request Approved
Request Consent
Request Date
Request Details
Request ID
Request Membership Type Change
Request More Info
Request More Information
Request Payment
Request Rejected
Request Submitted Successfully!
Request Type
Request approved successfully
Request cannot be queued in current status: {0}
Request is currently being processed:
Request is queued for background processing
Request is waiting to be queued for processing
Request membership fee adjustments
Request rejected
Request rejected successfully
Request sent to applicant
Request submitted for approval
Request timed out. Please try again.
Request too large. Maximum size: {0} bytes
Request was cancelled
Requested
Requested Amount
Requested By
Requested Changes
Requested Date
Requested Membership Type
Requested Roles
Requested Type
Requested amount is less than minimum fee of €{0}
Requested amount is the same as current amount
Requested amount must be greater than 0
Requested by Member
Required Approval Level
Required Bank Transaction fields not found: {0}. Please check ERPNext version compatibility.
Required Mollie fields missing from Donor DocType: {0}. Please add these as custom fields.
Required Permissions
Required Roles
Required fields missing: {0}
Required for disciplinary actions - will be included in expulsion report
Required role "{0}" is not assigned to any active board member
Requires 5-year commitment for full tax deductibility
Requires Cost Center Selection
Requires Justification
Requires Manual Review
Requires Project Selection
Requires Secondary Approval
Requires Verification
Requires board member with financial permissions
Requires chapter chair or admin-level approval
Research
Reset
Reset Counter
Reset Counter To
Reset Member ID Counter
Reset to Draft
Resetting counter...
Resolution
Resolution Method
Resolution Notes
Resolved
Resource not found
Resources
Responded
Response Date
Responsibility
Restrict Financial DocType Access
Restricted Donation Account should be different from main Donation Payment Account for proper fund segregation
Result Code
Result Message
Results
Retention Rate
Retired
Retried
Retry
Retry
Retry Attempts
Retry Count
Retry Date
Retry History
Retry Log
Retry Notes
Retry Now
Retry Operations
Retry Payment
Retry Processing
Retry Queue
Retry Queue (JSON)
Retry Tracking
Retry attempts ({0}) cannot exceed max retries ({1}) for operation {2}
Retry attempts ({0}) cannot exceed max retries ({1}) for {2} operation
Retry batch cancelled
Retry failed payments for your membership
Retry processing failed: {0}
Retrying
Return Count
Return File (pain.002)
Return file already processed
Return to Dashboard
Return to Draft
Return to Home
Return to Homepage
Returned
Revenue
Revenue Forecast
Revenue Growth
Revenue by Membership Type
Reversal Date
Reversal Reason
Reversal date cannot be before expulsion date
Reverse Expulsion
Reversed
Reverted to standard amount: {0}
Review
Review & Appeals
Review Account Types
Review Actions
Review Application
Review Changes
Review Date
Review Expense Claims ({0})
Review Fee Adjustment
Review Mappings
Review Notes
Review Role Permissions after system updates or changes
Review and approve/reject this application
Review and approve/reject this termination request
Reviewed By
Reviewed by
Revoke Key
Risk
Risk Level
Role
Role '{0}' assigned to {1}
Role '{0}' is already assigned to {1}. This role can only be assigned to one person at a time.
Role Assignment
Role Description
Role Name
Role Profile
Role Profile '{0}' does not exist
Role Profile Configuration
Role Profile Management
Role Profile {0} assigned to user {1}
Role Transition: {0}
Role Type
Role is required
Role profile assigned to all board members (unless overridden by role-specific configuration)
Role profile assigned to all team members (unless overridden by role-specific configuration)
Role profile assignment for {0} role
Role profiles applied successfully to {0} board members
Role profiles applied successfully to {0} members
Role transition completed successfully
Role-Specific Profile Assignments
Role-Specific Profiles
Role/Position
Route
Rule Name
Run Auto-Create Process
Run Auto-Creation Now
Run Migration
Run Prevention Check
Run Report
Run in test mode first to preview results without creating records
Run member ID counter migration? This should only be done once during system upgrade.
Running migration...
Running prevention check...
Runs automatically daily at 2 AM server time
SEPA
SEPA Allowed IP Addresses
SEPA Audit Log
SEPA Bank Transaction Link
SEPA Batch Processing
SEPA Creditor ID (Incassant ID)
SEPA Creditor Identifier (Incassant ID) issued by your bank for direct debit authorization. Format: NL##ZZZ############ Example: NL13ZZZ123456780000
SEPA Direct Debit
SEPA Direct Debit (SEPA)
SEPA Direct Debit Batch Optimizer
SEPA Direct Debit Batch {0} created with {1} entries
SEPA Direct Debit Mandate Activated
SEPA Direct Debit Mandate Cancelled
SEPA Direct Debit Mandates
SEPA Direct Debit Rights
SEPA Direct Debit remains active
SEPA Direct Debit will be disabled
SEPA Direct Debit will be enabled
SEPA Direct Debit will be updated
SEPA File
SEPA File Generated
SEPA Generation Date
SEPA Information
SEPA Mandate
SEPA Mandate Expiring Soon - Action Required
SEPA Mandate Naming Pattern
SEPA Mandate Starting Counter
SEPA Mandate Usage
SEPA Mandate {0} created successfully
SEPA Mandate {0} is currently {1}
SEPA Mandate: {0}
SEPA Mandate: {0} ({1})
SEPA Mandates
SEPA Mandates Cancelled
SEPA Message ID
SEPA Operation Audit Log
SEPA Payment Info ID
SEPA Payment Retry
SEPA Payment Retry Log
SEPA Reconciliation Dashboard
SEPA Retry Batch
SEPA Retry Operation
SEPA Return File Log
SEPA Status
SEPA Strict Period Mode
SEPA XML file generated successfully
SEPA batch {0} contains {1} invoice(s) with period conflicts. Cannot process batch with duplicate periods.
SEPA batch {0} has already been processed with different bank transaction(s): {1}
SEPA configuration is valid
SEPA file generated successfully
SEPA file must be generated before processing
SEPA mandate created successfully
SEPA mandate is recommended for recurring donations
SEPA mandate setup required
SEPA mandate {0} {1}
SEPA-RETRY-BATCH-.YYYY.-
SHA256 hash for audit trail immutability
SMS
Sales Invoice
Sales Invoice not found for this donation
Salutation
Sample
Sample invoices:
Sat
Save Changes
Save Failed
Save Settings
Save changes and test with guest login
Schedule
Schedule Cancelled
Schedule Consultation
Schedule Created
Schedule Health Report
Schedule Information
Schedule Maintenance
Schedule Name
Schedule New Retry
Schedule Resumed
Schedule exported successfully
Schedule requires manual administrator review
Scheduled
Scheduled Retry
Scheduled for
Schedules Created:
Scheduling
Scheme
Scope
Search
Search Results
Search Skills
Search completed successfully
Search failed
Search members...
Secondary
Secondary Approver
Secondary Background Color
Secondary Color
Secondary Dark Shade
Secondary Text Color
Secondary approver is required for disciplinary terminations
Secondary approver is required for this termination type
Secondary approver must be Verenigingen Administrator or Verenigingen National Board Member
Secondary background color
Secondary colors → Sidebar and background colors
Secondary/muted text color
Secret for verifying backend webhook signatures
Secret key from Mollie for live webhook signature verification
Secret key from Mollie for test webhook signature verification
Section Title
Security
Security Alert: {0} events of type '{1}' in {2} minutes (threshold: {3})
Security Level
Security level '{0}' may not be appropriate for operation type '{1}'. Recommended levels: {2}
Security tests should show improved results with fewer permission-related failures
Security: Field contains potentially dangerous content that could be interpreted as formula: {0}
Segment
Segmentation Data
Select All
Select All Active
Select Amount
Select Bank Account
Select Board Members
Select Country
Select Country...
Select Date Range
Select Donation
Select Member
Select Members
Select Membership Type
Select None
Select Payment Method
Select Role: 'Guest'
Select Role: 'Verenigingen Chapter Board Member'
Select Role: 'Verenigingen Member'
Select a campaign
Select a chapter
Select a chapter to assign to this member.
Select a chapter...
Select a date for the retry attempt
Select a member to view their payment dashboard:
Select a membership type and set your contribution amount using our flexible options.
Select another member
Select areas where the volunteer is interested in contributing
Select category
Select category...
Select chapter
Select chapter...
Select country
Select date range for expulsion report
Select members to add to {0} chapter
Select organization type
Select pronouns
Select request type...
Select skills you have or add new ones. This helps us match you with suitable volunteer opportunities.
Select team
Select team/commission...
Select the primary reason for rejection
Select the team or commission you were working for when this expense was incurred
Select this only if you are doing work directly for this chapter (not through a team)
Select your MT940 bank statement file (.mt940, .txt, .sta, or .940 format)
Select your overall experience level...
Select...
Selected Items:
Selected Members:
Selected Membership Type
Selected Tier
Selected file: {0}
Selection Required
Semi-Annual
Send
Send ANBI consent request emails to all donors without consent?
Send After
Send Campaign
Send Chapter Newsletter
Send Consent Requests
Send Email
Send Email to {0}
Send Immediately
Send Invoice with Email
Send Membership Acknowledgement
Send Newsletter
Send Notifications
Send Organization Newsletter
Send Overdue Reminders
Send Payment Reminders
Send Reminders
Send Renewal Reminders
Send Request
Send System Notification
Send Welcome Email
Send Welcome Emails
Send as Individual Emails
Send copy to chapter board members
Send email notifications
Send email notifications for termination events
Send email to {0} recipients?
Send reminders to agreements expiring within these many days
Send separate emails to each recipient instead of using BCC
Send to All Members
Send to Board
Send to Volunteers
Send welcome emails to newly created user accounts with login instructions
Sending emails...
Sending newsletter...
Sends email notifications upon completion
Senior memberships are available for ages {min_age}+ (current age: {age:.1f})
Sent {0} payment reminders
September
Sequence Type
Sequence Type Determination
Sequence Type Validation
Series
Session & Technical Details
Session Defaults
Session ID
Session cleanup completed successfully. Deleted {0} invalid sessions and {1} old sessions.
Session cleanup failed: {0}
Set /member_portal as home page for all users with Member role?
Set Up Bank Details
Set Up Direct Debit
Set Up Schedule
Set a fee that reflects your current situation
Set as Primary Chapter
Set this to reset the member ID counter to a specific number
Set up Chapters:
Setting Up Your Recurring Donation
Setting this role as Chair will make board members with this role automatically set as Chapter Head. Continue?
Setting up recurring donation
Settings
Settings saved successfully
Settings updated successfully
Settlement data for bulk financial periods
Settlements Only - Faster, Less Detail
Setup Portal Home Pages
Setup Required
Severity
She/Her
She/her
Short Description
Short code for the region (e.g., ZH, NH, LB)
Show Donor List
Show Only Catch-up Required
Show Only Members with Gaps
Show Progress Bar
Show Recent Donations
Show agreements expiring within specified days
Show applications older than X days
Show on Website
Show only agreements with annual amount >= this value
Show only donations linked to periodic agreements
Show only donations that need to be reported to Belastingdienst
Show only payments overdue for at least X days
Showing
Showing first 10 members who would get schedules created
Showing first 10 of
Shows current termination status and any pending requests
Shows member retention rates by cohort over time
Shows pending membership fee amendment requests
Sign date cannot be in the future
Signature Date
Signed Date
Similar skills found: {0}
Since
Skill
Skill Category
Skill Name
Skill name (e.g. Event Planning, IT Support)
Skills
Skills & Experience
Skills & Interests
Skills Directory
Skills I Want to Develop
Skills Overview
Skills and Development
Skills and Qualifications
Skills by Category
Skills data exported successfully
Skip Automatic Donation Payment Entries
Skip Automatic Membership Payment Entries
Skip automatic Payment Entry creation for Donations when marked as paid. Warning: May cause accounting issues.
Skip automatic Payment Entry creation for Membership payments. Warning: May cause accounting issues.
Skipped
Small Business Scheme (KOR)
Small Business Scheme (KOR) Applied
Snapshot
Snapshot Date
Snapshot Details
Snapshot Type
Snapshot created successfully
Social Media Links
Social Media Management
Social Media Profiles
Some dashboard data could not be loaded. Please refresh the page or contact support if the issue persists.
Some required payment information is missing. Please try again or contact support.
Source
Source Import
Source Record
Specific Campaign
Specific Goal
Specific Goal Description
Specific Goal Description is required when Purpose Type is Specific Goal
Specific Mollie payment transaction ID
Specific Role
Specific details to include in the rejection email (optional)
Stage Data
Staged Data
Staging Complete
Staging data from E-Boekhouden...
Standard
Standard Fee
Standard membership fee
Standard tax deduction rules apply
Standard:
Start Bulk Import
Start Date
Start Enjoying Benefits
Start Migration
Start Review
Start Working
Start date cannot be after end date
Start date cannot be after end date for {0}
Start date cannot be in the past
Start date for the next billing period to be generated
Start date is required
Start date is required for board member {0}
Start of Year
Started
Started At
Started:
Starting number for SEPA mandate counter. Set this to control where numbering begins (e.g., 1000 to start from MANDATE-25-01-1000).
State/Province
Statement From Date
Statement Period
Statement To Date
Statistics refreshed
Status
Status Colors
Status Updated
Status of synchronization with Customer record
Status:
Status:
Statutory voting communications
Strategic Planning
Street Address
Street name and house number
Stuck Schedule Notification Emails
Student Status
Student memberships are available for ages {min_age}-{max_age} (current age: {age:.1f})
Subject
Subject is required
Subject to annual deduction limits
Submit
Submit Application
Submit Donation
Submit Expense
Submit Expense Claim
Submit Expenses
Submit Fee Adjustment
Submit New Expense
Submit Request
Submit a Contact Request
Submit a contact request for assistance or inquiries
Submit and track volunteer expense reimbursements
Submit and track your volunteer expenses
Submit for Approval
Submit for Verification
Submit this amendment for approval?
Submit to Bank
Submit your first expense using the form above
Submitted
Submitted {0} expense(s) successfully, {1} failed
Submitting...
Subscription Cancelled Date
Subscription Cancelled Successfully
Subscription Configuration
Subscription Description Template
Subscription Status
Subscription cancelled successfully
Subscription created successfully
Subscription creation failed
Subscription creation failed. Please try again or contact support.
Subscription is already cancelled or inactive
Subscription setup failed
Subscription setup failed. Please try again.
Subscription setup initiated successfully
Subscription status is '{0}' but next_payment_date is set. Consider clearing the date.
Subscription status retrieved successfully
Subscription updated successfully
Subscriptions are not enabled for this Mollie gateway
Success
Success Color
Success Rate
Success Rate (%)
Success/positive actions color
Success:
Successful
Successful Records
Successful Retries
Successful Reversals
Successfully approved {0} request(s)
Successfully connected to E-Boekhouden API.<br><br>Details:<br>${r.message.message}
Successfully imported mutation {0}
Successfully joined chapter {0}!
Successfully processed {0} payments
Successfully submitted {0} expense(s)
Successfully synced brand settings to Owl Theme
Successfully transferred member from {0} to {1}
Successfully updated ${summary.total_updated} accounts.|||								${summary.total_skipped} skipped, ${summary.total_errors} errors.
Suggested Account Mappings
Suggested Amount
Suggested Chapter
Suggested Contribution:
Suggested Donation Amounts
Suggested Type
Suggested:
Summary of Changes
Sun
Supplies to EU countries
Supplies to non-EU countries
Supplies/services - Import threshold
Supplies/services at other rates
Supplies/services at reduced rate
Supplies/services at standard rate
Supplies/services to foreign countries
Support Email
Support Our Mission
Support and Escalation
Support email address for member inquiries about payments and mandates
Support our mission with 25% extra
Support our mission with another donation.
Supporter
Supporting brand color used for secondary buttons and complementary elements
Supports iDEAL, credit cards, and other payment methods.
Suspend
Suspend Member
Suspend Member: {0}
Suspend Team Memberships
Suspend User Account
Suspended
Suspension
Suspension Details
Sync Donation History
Sync Dues Rate
Sync Email Groups
Sync Errors
Sync Log
Sync Status
Sync to Owl Theme
Sync with Volunteer System
Synced
Synced {0} board members with volunteer system.
Syncing donation history...
Syncing with volunteer system...
System Action
System Administrator: Check logs in Setup > System Console
System Health Dashboard
System Manager
System Monitoring
System Updates
System operations are restricted in this environment
System operations not permitted for guest users
System user account for this volunteer
TOTAL MEMBERS
Target
Target Audience
Target Date
Target DocType
Target DocTypes
Target Field
Target Level
Target Value
Target value (number or percentage based on goal type)
Task Force
Task Priority
Task Subject
Tax Benefits
Tax Compliance (ANBI)
Tax Deduction (ANBI)
Tax Deduction Percentage
Tax Deduction Receipt - {{receipt_number}}
Tax Exempt for Contributions and Donations
Tax Residence Country
Tax Year Benefits Start
Tax deduction information for ANBI-eligible agreements
Tax identifiers updated successfully
Teaching/Training
Team
Team Details
Team Information
Team Lead
Team Leadership
Team List
Team Management
Team Member
Team Members
Team Name
Team Responsibility
Team Role
Team Role '{0}' does not exist
Team Role Profile Assignment
Team Type
Team is required
Team membership required for {0}
Team, Commission or Chapter
Team/Commission Work
Teams
Technical
Technical Skills
Technical Support
Template Schedules
Template dues schedule to use for new memberships of this type
Templates
Temporary account for Mollie payment reconciliation
Terminate Membership
Terminate Membership for {0}
Terminate Membership: {0}
Terminated
Terminated on {0}
Termination Approved - Awaiting Execution
Termination Audit Entry
Termination Compliance Report
Termination Date
Termination Details
Termination Details:
Termination History
Termination Pending Approval
Termination Reason
Termination Status
Termination Type
Termination can only be executed when status is 'Executed'
Termination date cannot be before request date
Termination executed successfully
Termination reason is required
Termination request approved
Termination request created successfully
Termination request rejected
Termination request submitted for approval
Terms and Conditions
Test
Test API key from Mollie Dashboard (starts with test_)
Test Chart of Accounts
Test Connection
Test Extraction
Test Key Available
Test Key Warning
Test Members
Test Members Generated!
Test Mode
Test Mode (Don't create actual invoices)
Test Mode (Preview Only)
Test Mode Active - No real charges will be made
Test Mode Active - No real transactions will be processed
Test Mode is enabled. Test API key will be used and no real transactions will be processed.
Test Portal Redirect
Test REST API Connection
Test Secret Key is required when Test Mode is enabled
Test Validation: Use security test suite to verify configuration
Test by logging out and accessing /app - should not see member data
Test cross-chapter access is blocked
Test data includes:
Test financial data access is properly restricted
Test mode disabled. Import will create actual member records.
Test mode enabled. Import will validate data without creating records.
Test mode is enabled. This will validate the import without creating records. Continue?
Test/Debug
Test: Make changes to member records and verify Version history is created
Testing Webhook Secret Key
Testing Webhook URL
Testing connection...
Text & Background Colors
Text colors → Interface text styling
Thank You Message
Thank You!
Thank you for applying to join our association. We'll review your application and get back to you soon.
Thank you for choosing to donate in cash
Thank you for contacting us. We will get back to you as soon as possible.
Thank you for joining us with your flexible contribution!
Thank you for your application! We will review it and get back to you soon.
Thank you for your donation
Thank you for your donation - {{donation_id}}
Thank you for your donation!
Thank you for your interest in volunteering! Our volunteer coordinator will contact you soon.
Thank you!
The IBAN contains invalid characters. IBANs should only contain letters and numbers.
The IBAN you entered appears to be incorrect. Please double-check the account number and try again. Common issues include typos or missing/extra digits.
The IBAN you entered is too short. Please enter the complete IBAN number.
The assigned person must be a member of this team
The chapter {0} has been submitted and is now active.
The dues schedule created for this amendment
The following postal code patterns are invalid and will be ignored: {0}
The following postal code patterns are invalid: {0}
The membership record this dues schedule is linked to
The next sequential member ID that will be assigned
The requested active {0} '{1}' does not exist or is inactive
The requested amount ({0}) is the same as your current membership fee.
The requested item does not exist
The requested member record does not exist
The requested {0} '{1}' does not exist
The selected role profile is disabled. Please choose an active role profile.
The starting number for new member IDs
The test infrastructure has identified 4 critical security issues that require administrative configuration:
The user that will be used to create Donations, Memberships, Invoices, and Payment Entries. This user should have the relevant permissions.
There are no chapters available at this time.
There are other roles also marked as Chair: {0}. Having multiple chair roles may cause confusion.
There are other roles also marked as Chair:<br><br>{0}<br><br>Having multiple chair roles may cause confusion when automatically setting Chapter Heads.
There has been a change in the board members of chapter {0}.
There is already a pending disciplinary termination request for this member
There was an issue checking your payment status. Please contact support.
These accounts will use default mappings:
These schedules have zero rates but their membership types require payment.
These schedules reference members that no longer exist. They should be cancelled to prevent invoice errors.
These schedules reference membership types that no longer exist.
They/Them
They/them
This Month
This Year
This action cannot be undone.
This action cannot be undone. Schedules will be cancelled permanently.
This action will affect {0} items. Continue?
This agreement does not qualify for ANBI tax benefits (less than 5 years). It will be treated as a donation pledge.
This agreement is now eligible for ANBI tax benefits (5+ year duration).
This agreement qualifies for ANBI periodic donation tax benefits (5+ year commitment).
This amendment is ready to be applied
This amendment is scheduled to be applied automatically on {0}. You cannot apply it manually before the effective date.
This amendment will be applied on {0}
This appears to be a live key, but it should be a test key (should start with "test_")
This appears to be a test key, but it should be a live key (should start with "live_")
This application cannot be approved in its current state
This application cannot be rejected in its current state
This application has already been processed
This campaign is not available
This campaign is not currently active
This chapter role already has a role profile assignment. Please choose a different role.
This chapter will be treated as the National Board with restricted access
This company will be set for donations created in the system.
This company will be set for the Memberships created via webhook.
This donor has not given ANBI consent. The agreement can still be created, but may not be valid for tax purposes.
This donor's identification has not been verified. Consider verifying before creating the agreement.
This expense exceeds your approval limit of €${userPermissions.expense_limit}
This feature will allow you to schedule a consultation with our financial advisors.
This field is required
This function is only available in development environment
This function is only available in development mode
This information is optional and will be kept strictly confidential. It helps us understand our membership base and may qualify you for special membership rates or programs.
This is a donation pledge without ANBI tax benefits (less than 5 years). The donor can still deduct donations but with standard limits.
This is a notification from chapter {0}.
This is a preview. No changes were made.
This is based on the transactions against this Member. See timeline below for details
This is not a recurring donation
This is not an application member
This is the only role marked as Chair. Members with this role will be automatically set as Chapter Heads.
This item already exists
This may take a few minutes for large date ranges
This member already has an active membership:
This member does not have an active dues schedule. Please create a dues schedule first.
This member needs a customer record to generate invoices. Please create a customer record first.
This membership is already using the standard amount
This membership period overlaps with an existing active membership for this member
This newsletter is sent to members of {0} Chapter
This organization does not have ANBI status. The agreement will be treated as a regular donation pledge.
This page allows administrators to manage membership dues schedules and trigger auto-creation for members missing schedules.
This page helps you quickly generate test data to explore the Verenigingen app functionality.
This payment failed on
This payment is already scheduled for retry
This recurring donation is already cancelled or inactive
This recurring donation is not active
This role is marked as Chair. Members with this role will be automatically set as Chapter Heads.
This role name suggests it might be a Chair role. Would you like to mark it as Chair?
This task normally runs daily at midnight.
This team currently has no active members.
This team role already has a role profile assignment. Please choose a different role.
This tool helps you create dues schedules for members who have an active membership with a membership type but no billing plan.
This will apply role profiles to all chapter board members based on your configuration. Continue?
This will apply role profiles to all team members based on your configuration. Continue?
This will attempt to fix schedule issues for {0} members. Continue?
This will clear all board role-specific profile assignments. Continue?
This will clear all role-specific profile assignments. Continue?
This will create 7 test members with Dutch test data.
This will create actual Cost Centers in ERPNext based on your configuration. This action cannot be undone. Continue?
This will create dues schedules for all active members who have a membership type assigned but lack a billing plan.
This will create payment entries for all successful collections.
This will create the initial email group structure. Continue?
This will create/update member records. Are you sure you want to proceed?
This will deactivate the selected board members (they will remain in the list but marked as inactive).
This will execute all selected approved termination requests.
This will fetch ALL historical mutations using the REST API by iterating through mutation IDs. This may take several minutes. Continue?
This will fix backend-created members that are incorrectly showing as "Pending". Continue?
This will permanently remove the selected board members from the chapter.
This will preview what data would be migrated without actually importing anything. Continue?
This will reset the migration status to Draft so you can try again. Continue?
This will send emails to all active chapter members.
This will stop all automatic membership fee payments. You can still make manual payments.
This will stop all future automatic donations. You can still make one-time donations.
This will update both volunteer expense and donation payment history with the most recent entries. Continue?
Threshold
Threshold Value
Thu
Tier
Tier Name
Time
Time Contribution
Time Restrictions
Time Zone
Timeout
Timestamp
Timestamp of the last automated batch creation
Timing Information
Title
To
To Date
To customize the Frappe desk appearance with your brand colors, install the Owl Theme app:
To see members without chapters, please use the "Members Without Chapter" report.
Toggle Full Width
Toggle Test Mode
Toggle Theme
Too many approval operations. Please wait before trying again.
Too many expenses in one submission. Maximum allowed: 50
Too many operations: {0}. {1}
Too many security configuration attempts. Please wait before trying again.
Tools
Top Contributors
Top Supporters
Total
Total Active Days
Total Active Schedules
Total Amount
Total Approved
Total Balance
Total Batches
Total Chapter Changes
Total Chapters
Total Donated
Total Donations
Total Donations This Year
Total Donors
Total Expected
Total Expenses
Total Groups
Total Hours
Total Interested
Total Invoices
Total Members
Total Members Analyzed
Total Members Found:
Total Members Without Chapter
Total Membership Days
Total Membership Duration
Total New Members
Total Operations
Total Overdue Amount
Total Overdue Invoices
Total Paid
Total Pending
Total Raised
Total Recipients
Total Records
Total Requests
Total Revenue
Total Skills
Total Submitted (12 months)
Total Subscribers
Total Uses
Total Volunteer Hours
Total amount
Total amount must be greater than 0
Total batches ({0}) doesn't match calculated value ({1}) for {2} records with batch size {3}
Total cumulative time as an active member, calculated from membership days
Total expense amount (€{0}) exceeds the maximum allowed per submission (€10,000)
Total hours spent on this activity
Total number of days this member has been active (updated daily)
Trace ID
Tracking
Tracking Configuration
Tracking Mode
Training
Transaction Count
Transaction Date
Transaction Reference
Transaction Types
Transaction details (date, amount, description)
Transaction import started successfully!
Transaction reference must be alphanumeric and max 35 characters
Transactions
Transactions Created
Transactions Skipped
Transfer Frequency
Transfer money directly to our bank account
Transferred from {0} to {1}. Reason: {2}
Transition Board Role
Transition Date
Transition Role
Translation
Trend
Triggered At
Try Again
Try adjusting your search terms or browse all skills below.
Try different member management features
Tue
Tussenvoegsel
Tussenvoegsel contains invalid characters
Type
Type:
Type: {0}
URGENT: Overdue Payment Notice
Unable to access member record for portal
Unable to check payment status at this time
Unable to create address for application. Please try again or contact support.
Unable to create department: Security validation failed
Unable to create donor profile. Please contact support.
Unable to create employee record automatically. Please contact your administrator to set up your employee profile before submitting expenses.
Unable to create member application. Please try again or contact support.
Unable to create membership item. Please check permissions or create manually.
Unable to display chapter join requests. Please refresh the page.
Unable to load membership types
Unable to load system settings
Unable to process donation. Please try again or contact support.
Unable to process donation: Failed to create donation record
Unable to process donation: Failed to create donor record
Unable to process your request: Permission denied
Unable to process your request: {0}
Unable to re-enable member. Please check permissions.
Unable to reactivate membership request. Please check permissions.
Unable to save chapter after retry. Please check permissions.
Unable to save your changes. Please contact support if this issue persists.
Unable to validate BSN. Please try again.
Unable to validate Bank Transaction fields. Please check system configuration.
Unassigned
Uncheck to temporarily suspend mandate
Under Appeal
Under Review
Under €25,000
Unexpected error in payment creation. Please check logs.
Unfortunately, your application was not approved.
Unique Accounts
Unique Donors
Unique Skills
Unique code/value for this campaign when used as an accounting dimension. Leave blank to auto-generate from campaign name.
Unique identifier for the membership application
Unique identifier for this mandate
Unique reference for this SEPA mandate
Unique role "{0}" is assigned to multiple active board members
Unit for custom frequency
Unknown
Unknown error
Unknown error occurred
Unknown payment method: {0}
Unknown validation schema: {0}
Unmapped Accounts
Unpaid
Unpaid Coverage Days
Unpaid dues
Unrestricted Donation Account
Unsubscribe from Member Newsletters
Unsubscribe from chapter emails
Unsubscribe from member newsletters
Unsubscribed
Unsupported country code: {0}
Unsupported export format: {0}
Unsuspend Member
Unsuspend Member: {0}
Until
Upcoming
Upcoming Events
Upcoming Payments
Update
Update Address
Update Affected Chapters
Update Amount
Update Bank Account
Update Bank Details
Update Details Again
Update Donation
Update Failed
Update Field
Update Member Payment Method to SEPA Direct Debit
Update Payment Details
Update Payment History
Update Recurring Donation
Update Selected
Update Successful
Update Tax ID
Update Tax Identifiers
Update Your Address
Update membership status
Update selected members to have this as their primary chapter
Update your SEPA Direct Debit information
Update your current address information. Changes will be applied immediately.
Update your name, pronouns, and personal information
Update your personal information and preferences
Update your skills and volunteer interests
Updated member {0}: {1}
Updated {0} chapters with this role. {1} chapters had their Chapter Head changed.
Updated {0} mappings
Updated {0} member users with portal home page
Updates
Updating ${updates.length} accounts...
Updating chapters...
Updating payment history...
Updating...
Upload Profile Image
Upload a clear photo of yourself (optional). Max 5MB, JPG/PNG format.
Upload an MT940 bank statement file to import bank transactions. The file will be processed when you submit this document.
Upload organization logo (recommended: PNG or SVG, max 2MB)
Upload receipt or invoice (JPG, PNG, PDF, DOC formats accepted)
Upload signed agreement document (PDF)
Upload the return file from your bank
Upload your CSV or Excel file with member data
Urgency
Urgent
Urgent (>30 days)
Urgent Only (>30 days)
Usage
Usage Date
Usage History
Usage Notes
Use 'Clean Up Test Data' when you're done exploring
Use Email Template
Use Proper Chapter Management
Use Safe Performance Optimization
Use This Amount
Use for Donation Payments
Use for Membership Payments
Use safe member creation optimizations (~20-25% fewer database queries through metadata caching). This is safe and recommended.
Use the checkboxes next to board members to select them, then use the bulk action buttons that appear above the grid.
Use this as my primary/shipping address
Use {metric}, {value}, {threshold}, {change} as variables
Used for Donations
Used for Memberships
Used for Other
Used if application doesn't specify a type
User
User Account
User Account Creation
User Account Disabled
User Agent
User Context
User Creation
User Forum
User Information
User Name
User Type
User account already exists for this member
User account created successfully
User account creation is being processed securely in the background. The member will receive login credentials via email within 2-3 minutes.
User account for webhook operations. Should have minimal permissions.
User who assigned member to current chapter
User {0} already exists for this member
User {0} already has role profile {1}
User {0} created successfully
User:
Users by Team
Users can access documents from other organizational units (chapters)
Uses Custom Amount
Using default 10-year date range. Click "Analyze Data" to detect actual range.
Using detected date range from E-Boekhouden
Using membership dues receivable account: {0}
VAT Import threshold
VAT at other rates
VAT at reduced rate
VAT at standard rate
VAT on private use
VAT shifted to you
Valid BSN
Valid Cost Centers
Valid From
Valid IBAN
Valid Projects
Valid Since
Valid Until
Valid Until date cannot be before Valid From date
Valid amount selection
Valid annual amount is required
Valid birth date
Valid custom amount
Valid name
Valid phone number
Valid postal code
Validate
Validate BSN
Validate CSV
Validate Mandates
Validating
Validating file...
Validation
Validation Error
Validation Errors
Validation Failed
Validation Rules
Validation Status
Validation errors found in expense data
Validation failed
Validation failed. Check the Error Log below for details.
Validation failed: {0}
Validity
Variable
Verenigingen
Verenigingen Admin
Verenigingen Administrator
Verenigingen Administrators cannot edit the National Board chapter. Please contact an administrator.
Verenigingen Auditor
Verenigingen Background Service
Verenigingen Chapter Board Member
Verenigingen Chapter Manager
Verenigingen Manager
Verenigingen Member
Verenigingen National Board Member
Verenigingen Payments
Verenigingen Payments Settings
Verenigingen Settings
Verenigingen Settings not configured. Please run app installation setup.
Verenigingen Staff
Verenigingen Volunteer
Verenigingen Webhook User
Verenigingen Workspace
Verification Date
Verification Method
Verify and Activate
Version documents should be created when critical records are modified
Very New (≤7 days)
Very high rate limit ({0} calls) for critical operation. Consider reducing for better security.
Video Editing
View
View Active Dues Schedule
View All
View All Memberships
View Bank Transactions
View Batch
View Board History
View CRM Lead
View Chapter
View Chapters Using This Role
View Complete Expense History
View Created Members
View Customer Record
View Details
View Dues Schedule
View Fee Details
View Full Schedule
View Invoice
View Mandate
View Member
View Member Expense History
View Member ID Status
View Member Record
View Members
View Memberships
View Migration History
View Migration Summary
View Migrations
View Portal Stats
View Reference Document
View Report
View SEPA Mandate
View Statistics
View Status
View Team Members
View Timeline
View Transaction
View User
View User Account
View Volunteer
View Volunteer Profile
View Volunteers
View Website
View and manage your team memberships
View chapter members in the roster below or use the "Members Without Chapter" report to assign new members.
View detailed payment records and receipts
View member details
View your current address information
View your membership overview and recent activity
Viewing as administrator for
Viewing members for this chapter. Use the chapter roster below to see all members.
Visibility Settings
Visit
Voluntary
Volunteer
Volunteer & Chapter Data
Volunteer Activity
Volunteer Assignment
Volunteer Assignment History
Volunteer Dashboard
Volunteer Details
Volunteer Development Goal
Volunteer Expense
Volunteer Expense History
Volunteer Expenses
Volunteer Expenses Cancelled
Volunteer Expenses: Updated {0} entries
Volunteer Expenses: {0}
Volunteer History Timeline
Volunteer History for {0}
Volunteer Hours
Volunteer Hours (This Year)
Volunteer Information
Volunteer Interest
Volunteer Interest %
Volunteer Interest Area
Volunteer Interest Areas
Volunteer Interest Category
Volunteer Interest Rate
Volunteer Interests
Volunteer Name
Volunteer Opportunities
Volunteer Opportunity
Volunteer Profile
Volunteer Records Created
Volunteer Records Updated
Volunteer Report
Volunteer Report - {0}
Volunteer Report for {0}
Volunteer Services
Volunteer Since
Volunteer Skill
Volunteer Skills Directory
Volunteer Status
Volunteer assignment: {0}
Volunteer is required for board member
Volunteer must have an email address for account creation
Volunteer opportunities
Volunteer profile created successfully
Volunteer record already exists for member {0}: {1}
Volunteer record created successfully for {0}
Volunteer {0} does not exist
Volunteer {0} does not have an associated member
Volunteer {0} is not an active board member
Volunteering
Volunteers
Volunteers must be at least {0} years old. Member age: {1}
Volunteers must be at least {min_age} years old (current age: {age:.1f})
Voting rights require minimum age of {min_age} (current age: {age:.1f})
Wait for Confirmation
Waiting for Response
Want to make an additional donation or start a new recurring donation?
Warning
Warning Color
Warning/caution color
Warning:
Warning: Active team should have at least one active team leader
Warning: Auto-generate is disabled for this membership type. Invoices will need to be created manually.
Warning: Board role-specific profiles are enabled but no default board role profile is set. Board members without specific role assignments will not get any role profile.
Warning: Could not create invoice automatically. Member approved but invoice must be created manually.
Warning: Counter reset to {0}, but member ID {1} already exists. This may cause conflicts.
Warning: Grace period is set for {0} days, which is longer than the recommended maximum of {1} days
Warning: Member {0} is not active (status: {1})
Warning: Membership is being cancelled before the minimum 1-year period.
Warning: Membership is being cancelled before the minimum 1-year period. This is allowed for administrators only.
Warning: Regional Coordinator is not active
Warning: Role-specific profiles are enabled but no default role profile is set. Team members without specific role assignments will not get any role profile.
Warning: Selected chapter head is not an active member
Warning: There are other roles also marked as Chair: {0}. Having multiple chair roles may cause confusion.
Warning: This donor has not given ANBI consent. The agreement will be created but may not be valid for tax purposes.
Warning: This volunteer doesn't have an associated member record.
Warning: Using non-test API key in test mode
Warnings
We believe everyone should be able to contribute according to their ability. You can:
We found your existing donor record. You can update the information below if needed.
We will provide you with contact information for payment arrangements.
We'll use this to suggest your local chapter
Web Development
Webhook Hash
Webhook ID
Webhook Payment Processor
Webhook Processing Log
Webhook Secret
Webhook Settings
Webhook Type
Webhook URL
Webhook URL for Mollie production environment payments
Webhook URL for Mollie test environment payments
Webhook URLs updated successfully
Webhook User
Website URL
Website URL is required
Wed
Weekly
Weeks
Welcome
Welcome back,
Welcome to Your Member Portal
Welcome to the Member Portal
Welcome to the Portal
Welcome to {0}
What gets synced:
What happens next?
What type of expense is this?
What's Next?
When are you typically available? (e.g., weekends, evenings, specific days)
When checked, uses Test Secret Key. When unchecked, uses Live Secret Key.
When enabled, BTW exemption codes will be applied according to Dutch tax regulations
When enabled, allows assigning members to chapters and using chapter-based features
When enabled, memberships of this type must be at least 1 year in duration. When disabled, memberships follow the billing period (e.g., daily, monthly).
When enabled, your dues schedule will automatically renew at the end of each period.
When enabled, your membership fees will be automatically collected from this bank account
Whether this brand setting is currently active
Which Chapter?
Which Team/Commission?
Which areas interest you?
Which chapter would you like to join?
Why Adjust Your Fee?
Why do you want to join our association?
Why this amount?
Will be auto-filled for Dutch IBANs
Will cancel {0} active dues schedule(s)
Will cancel {0} active membership(s)
Will deactivate {0} SEPA mandate(s)
Will end {0} active board position(s)
Will process {0} outstanding invoice(s)
With Schedules
Work Style
Workflow State
Working Group
Workshop
Would you like to create a new SEPA mandate for this bank account?
Would you like to create a volunteer profile for this member?
Would you like to retry this payment?
Would you like to update the Chapter Head for all chapters using this role now?
Write-off
Writing
Written Off
Year
Year 1
Year 3
Yearly
Years
Years of Experience
Yes
YoY
You already have a pending membership type change request
You already have a pending request to join this chapter
You are already a member of this chapter
You are already a member or have a pending membership in this chapter
You are already on this membership type
You are not currently a member of any teams. Contact your organization administrator to join teams.
You are receiving this email as a member of {0} Chapter.
You can adjust your membership fee up to {0} times per year
You can increase your fee up to
You can learn more about memberships in the manual.
You can now configure different role profiles for different board roles
You can now configure different role profiles for different team roles
You can only access your own member information
You can only cancel your own donations
You can only cancel your own subscription
You can only end activities assigned to this volunteer
You can only update your own donations
You can only view members of teams where you are a member
You can only view members of teams where you are a member or belong to the same chapter
You can pay in cash at our office or during events.
You can reach out to us at:
You can track the status of your request below.
You can update these details again at any time from your member dashboard
You can update your communication preferences at any time through your member portal after your membership is approved.
You can view your payment history and mandate status in your member dashboard
You cannot set a category as its own parent
You do not have permission to access this page
You do not have permission to add members.
You do not have permission to approve expenses.
You do not have permission to approve members.
You do not have permission to approve this expense
You do not have permission to create dues schedules
You do not have permission to email all members.
You do not have permission to manage board members.
You do not have permission to override membership fees. Only administrators can modify membership fees.
You do not have permission to perform CSV imports. Contact your administrator.
You do not have permission to perform this action.
You do not have permission to reject this expense
You do not have permission to view financial reports.
You don't have access to this chapter
You don't have an active dues schedule.
You don't have permission to access banking functions
You don't have permission to access member data
You don't have permission to access overdue payment data
You don't have permission to access schedule maintenance
You don't have permission to access termination functions
You don't have permission to access this page
You don't have permission to approve members
You don't have permission to approve this batch
You don't have permission to create SEPA Direct Debit Batches
You don't have permission to create SEPA mandates
You don't have permission to create campaigns for this chapter
You don't have permission to create contact requests for this member
You don't have permission to create dues schedules
You don't have permission to create email templates
You don't have permission to create organization-wide campaigns
You don't have permission to download this receipt
You don't have permission to generate SEPA files
You don't have permission to import bank transactions
You don't have permission to modify members
You don't have permission to perform emergency session reset
You don't have permission to perform this action
You don't have permission to perform this action.
You don't have permission to reject members
You don't have permission to retry this payment
You don't have permission to run session cleanup
You don't have permission to send announcements
You don't have permission to send emails for this chapter
You don't have permission to send organization-wide emails
You don't have permission to send payment reminders. Required roles: {0}
You don't have permission to sync email groups
You don't have permission to terminate this member
You don't have permission to test organization-wide campaigns
You don't have permission to test this campaign
You don't have permission to view analytics for this chapter
You don't have permission to view board history
You don't have permission to view board history for this chapter
You don't have permission to view contact requests for this member
You don't have permission to view email group statistics
You don't have permission to view organization-wide analytics
You don't have permission to view this chapter
You don't have permission to view this chapter's data
You don't have permission to view this chapter's segments
You don't have permission to view this member's board information
You don't have permission to view this member's engagement data
You don't have permission to view this page
You don't have permission to {0} applications for this member's chapter
You don't have write permissions for system settings, required for cleanup operations
You have failed payments. Please check your payment history.
You have reached the maximum number of fee adjustments ({0}) allowed in a 365-day period
You have reached the maximum number of fee adjustments ({0}) in the past 365 days
You have the right to cancel this mandate at any time by contacting us or your bank. You are entitled to a refund from your bank under the terms and conditions of your agreement with your bank. A refund must be claimed within 8 weeks starting from the date on which your account was debited.
You have {0} membership types configured.
You must be a board member to access this dashboard. Please contact your chapter administrator.
You must be a member to access this report
You must be a registered member to access payment plans.
You must be a registered member to access this feature
You must be registered as a volunteer to access this report
You must set confirm_nuclear_cleanup=True to proceed with this destructive operation
You need administrator privileges to access this page
You need to be a member to submit contact requests.
You need to be a registered volunteer to join teams. Apply to become a volunteer to start collaborating with teams.
You need to be logged in
You need to be logged in to access this page
You need to be logged in to export schedule
You need to be logged in to update settings
You need to be logged in to view payment details
You need to be logged in to view this page
You need to create Membership Types before creating members.
You will be redirected to Mollie's secure payment page to complete your transaction.
You will be redirected to complete the initial payment in 3 seconds...
You will be redirected to our secure payment provider to complete your donation.
You will be redirected to set up a SEPA mandate for future collections
You will continue to receive invoices for membership fees via your preferred payment method
You will need to provide your IBAN and authorize us to collect the donation amount.
You will receive a confirmation email once the payment is complete.
You will receive a confirmation email shortly with all the details.
You will receive a confirmation email shortly with your application details.
You will receive a donation receipt via email.
You will receive a welcome package once payment is confirmed
You will receive bank details after submitting this form.
You will still receive legally required communications such as AGM notices, voting information, and membership dues notices.
You'll receive email notifications before each collection
Your Chapter Memberships
Your Chapters
Your Contribution
Your Current Fee
Your Information
Your Mollie organization ID (org_xxxxx). Leave empty to auto-discover from your Organization Access Token.
Your Mollie subscription has been cancelled. No further automatic payments will be processed.
Your Name
Your Periodic Donation Agreement is Expiring Soon
Your Recent Requests
Your Roles
Your SEPA mandate has been updated with the new bank details
Your SEPA mandate is expiring soon. Please update your bank details.
Your SEPA mandate will be updated within 24 hours
Your address (required for tax deduction)
Your application has been approved! Please complete payment to activate your membership.
Your application is being reviewed. You will receive an email once it's processed.
Your application is currently being reviewed by our team.
Your appropriate home page: {0}
Your bank account details for payment matching and processing.
Your bank details have been updated successfully
Your birth date has been updated
Your brand settings will automatically sync to Owl Theme Settings to customize the Frappe desk appearance.
Your contact information has been updated
Your contact request has been submitted successfully. We will get back to you soon.
Your contribution details will be displayed here.
Your donation has been received.
Your donation has been submitted successfully.
Your donation helps us make a positive impact in our community
Your email address is your account login and cannot be changed here. Contact support if you need to change your email address.
Your existing SEPA Direct Debit mandate remains active
Your existing SEPA mandate will be cancelled. You will need to pay membership fees manually.
Your existing SEPA mandate will be replaced with a new one using the updated bank details. This will be processed within 24 hours.
Your existing SEPA mandate will remain active. Bank details will be updated.
Your fee adjustment has been approved and will take effect on {0}
Your fee adjustment request has been submitted
Your fee adjustment request has been submitted for approval
Your full name
Your membership application has been submitted successfully.
Your membership fees are automatically collected via SEPA Direct Debit.
Your membership fees are automatically processed via Mollie.
Your membership fees will be automatically collected from your bank account
Your membership request is already pending approval
Your membership type change request has been submitted for approval
Your name information has been updated
Your organization does not have ANBI status. Donations are tracked but not eligible for tax benefits.
Your payment has been completed successfully.
Your payment is being processed or requires retry.
Your payment is being processed. This usually takes a few minutes.
Your payment is secured by Mollie with bank-level encryption
Your payment was not completed. You can try again with the same or different payment method.
Your periodic donation agreement has been submitted successfully!
Your personal information is protected according to GDPR regulations. You can update, view, or request deletion of your data at any time. Changes to your name may require verification.
Your phone number
Your preferences have been updated
Your preferred first name or calling name
Your profile image has been removed
Your profile image has been updated
Your recurring donation has been cancelled. No further automatic payments will be processed.
Your recurring donation settings have been updated.
Your request to join has been submitted for approval
Your request to join {0} has been rejected.
Your request to join {0} has been submitted for approval. You will be notified once reviewed.
Your request to rejoin has been submitted for approval
Your request was processed but we could not get the status. Please refresh the page to see the result.
Your request will be reviewed by the membership committee
Your selected membership fee will be displayed here.
Your updated bank details are now active in your member profile
Your volunteer activities will appear here
Your volunteer dashboard
Youth memberships are available for ages {min_age}-{max_age} (current age: {age:.1f})
above
actions
activated
active
admin
and
annual
api_call_failed
api_call_success
attempts remaining
audit_system_initialized
authorization
balances_only
blocked
canceled
case_id
chapters/chapter_name|||leave blank automatically set after saving chapter.
chargeback
completed
configuration_change
configured
critical
csrf_validation_failed
csrf_validation_success
customer
data
data_export
data_import
data_modification
days
detailed
donations
donors
e.g., +31 6 12345678
e.g., Python, Leadership, Design...
e.g., Ze/zir, Name only, etc.
error
failed
failed_login_attempt
financial
global
goal
high
hybrid
ignored
info
invoice_cancelled
invoice_submitted
invoice_updated
invoices
iso-8859-1
low
max_attempts
medium
member_data
members
message
minimal
months
more active memberships.
of
of annual goal
of your monthly income
other
partial
payment
payments
payments_only
pending
per
per month
per quarter
per_ip
per_user
performance_alert
permission_denied
potential issues detected
public
raised
rate_limit_exceeded
recipients
reporting
schedules affected
schedules for
security_system_initialized
sensitive_data_access
sepa_bulk_operation
sepa_mandate_cancellation
sepa_mandate_creation
sepa_mandate_link_update
sepa_notification_send
session_expired
skills
standard
subscription
succeededfailedprocessed
success
suspended
suspicious_activity
system_error
temporary
the base amount without approval
transactions
unauthorized_access_attempt
unknown
updated
user_login
user_logout
utf-8
utf-8-sig
utility
validation
van, de, van der, etc.
volunteers found
warning
warnings
windows-1252
with consent
years
your.email@example.com
{0} '{1}' not found
{0} IBAN must be {1} characters
{0} board members processed successfully
{0} board members {1} successfully
{0} cannot exceed {1}
{0} cannot exceed {1} characters
{0} consent request emails sent
{0} contains invalid characters
{0} contains invalid characters. Only letters, spaces, hyphens, apostrophes, and periods are allowed
{0} format is invalid
{0} is required
{0} member {1}
{0} members need volunteer records created
{0} membership applications are overdue for review
{0} membership applications pending review
{0} must be a boolean value
{0} must be a number
{0} must be a numeric value
{0} must be a valid date
{0} must be a valid datetime
{0} must be an integer
{0} must be at least 2 characters
{0} must be at least {1}
{0} must be at least {1} characters
{0} must be less than 50 characters
{0} must be one of: {1}
{0} not found
{0} renewal reminder emails sent
{0} renewal reminders sent
{0} secret key is required for Mollie integration
{0} tax receipts generated
{0} volunteer records created
{0} {1} does not exist
• Bank details will be updated immediately in your profile
• First automatic collection may take 1-2 billing cycles to activate
• SEPA mandate processing happens automatically via scheduled tasks
• You will receive email confirmation once the mandate is processed
✅ Batch Creation Successful!
✅ Connection successful! API is working.
✅ Migration started successfully!
✅ Preview migration started successfully!
✅ User account created successfully! The member can now log in to the portal.
❌ API call failed:
❌ Connection failed:
❌ Migration failed:
❌ Preview migration failed:
📊 Members Without Chapter Report
📊 New Members Report
📊 Recent Chapter Changes Report
📧 Email
